Course,Name,Description,Prerequisites,Lab,Hours,Focus,Semester,ClassSize,CatLink,RegLink
GEOG 100,Geography for Today,"Each topic stretches the geographical imagination by offering a new lens through which to view the relationship between people and the richly diverse and varied environments they inhabit. From the intimate personal places of one individual's human experience to the worldwide reach of global-scale physical environmental changes that impact everyone, the complex challenges and opportunities of today's world are illuminated with the help of an integrated spatial perspective. Topic may change from year to year.",May be taken more than once for credit in different topics.,,3-0-0,Elective,Fall,100,https://www.uvic.ca/calendar/future/undergrad/index.php#/courses/SJxfH_6mE?group=Geography%20(GEOG)&bc=true&bcCurrent=Geography%20(GEOG)&bcItemType=Courses&bc=true&bcCurrent=GEOG100%20-%20Geography%20for%20Today&bcGroup=Geography%20(GEOG)&bcItemType=courses,https://banner.uvic.ca/StudentRegistrationSsb/ssb/classSearch/classSearch?term=202209&txt_subject=GEOG&txt_courseNumber=100
GEOG 101A,"Environment, Society & Sustainability","Introduction to the functioning of the biosphere, the ways in which humans alter natural processes, environmental consequences of these alterations and the implications for sustainability. Topics include: energy flows, biogeochemical cycles, ecosystem structure and dynamics, pollution, global change, water resources, biodiversity, endangered species, protected areas, agriculture and food, forestry, marine resources, poverty and development and different worldviews. Potential for a sustainable society is discussed.","Credit granted for only one of GEOG 101A, ES 101",Lab,3-2-0,Human Physical Environment,Fall Spring,110,https://www.uvic.ca/calendar/future/undergrad/index.php#/courses/H1bzS_67E?bc=true&bcCurrent=Environment%2C%20Society%20and%20Sustainability&bcGroup=Geography%20(GEOG)&bcItemType=Courses,https://banner.uvic.ca/StudentRegistrationSsb/ssb/classSearch/classSearch?term=202301&txt_subject=GEOG&txt_courseNumber=101A
GEOG 101B,"Space, Place and Society","Perspectives on the scope and purpose of human geography, emphasizing approaches, concepts and scales of geographical analysis. Topics include: social geography of cities; interpretation of regional; cultural and economic landscapes; urbanization and industrialization of regions; and economic development and social change in the world system.",,Lab,3-2-0,Human,Fall Spring,132,https://www.uvic.ca/calendar/future/undergrad/index.php#/courses/H1-GBOaXN?bc=true&bcCurrent=Space%2C%20Place%20and%20Society&bcGroup=Geography%20(GEOG)&bcItemType=Courses,https://banner.uvic.ca/StudentRegistrationSsb/ssb/classSearch/classSearch?term=202301&txt_subject=GEOG&txt_courseNumber=101B
GEOG 103,Introduction to Physical Geography,"Introduces the science of Physical Geography using an earth-systems approach. Course themes include global climates and climate change, hydrology and water resources, geomorphology and natural hazards, and biogeography; with focus on how geographic sciences are applied to address real world issues.",,Lab,3-2-0,Physical Environment,Fall Spring,198,https://www.uvic.ca/calendar/future/undergrad/index.php#/courses/SJMzBua7N?bc=true&bcCurrent=Introduction%20to%20Physical%20Geography&bcGroup=Geography%20(GEOG)&bcItemType=Courses,https://banner.uvic.ca/StudentRegistrationSsb/ssb/classSearch/classSearch?term=202301&txt_subject=GEOG&txt_courseNumber=103
GEOG 104,Our Digital Earth,"Introduces students to how geospatial technologies influence our daily lives and shape the world around us. Students learn how to collect and utilize location-based data, develop web maps and mobile mapping apps, create technologies to respond to environmental disasters and humanitarian crises, and think spatially in order to improve our understanding of our planet.","Credit granted for only one of GEOG 104, GEOG 100",,3-0-0,Geomatics,Fall Spring,60,https://www.uvic.ca/calendar/future/undergrad/index.php#/courses/HkUg06FiH?bc=true&bcCurrent=Our%20Digital%20Earth&bcGroup=Geography%20(GEOG)&bcItemType=Courses,https://banner.uvic.ca/StudentRegistrationSsb/ssb/classSearch/classSearch?term=202301&txt_subject=GEOG&txt_courseNumber=104
GEOG 130,Climate Change,"An introduction to the fundamental physical principles governing the climate of the Earth system, and its response to anthropogenic factors. Topics include components of the climate system, radiative energy balance, forcings and feedbacks, the carbon cycle, climate of the past, impacts of climate change, global climate model projections, and approaches to mitigation and adaptation.",Cross-listed with EOS130,Lab,3-2-0,Physical Environment,Fall Spring,186,https://www.uvic.ca/calendar/future/undergrad/index.php#/courses/HkMDtUICD?bc=true&bcCurrent=Climate%20Change&bcGroup=Geography%20(GEOG)&bcItemType=Courses,https://banner.uvic.ca/StudentRegistrationSsb/ssb/classSearch/classSearch?term=202301&txt_subject=GEOG&txt_courseNumber=130
GEOG 209,Introduction to Environmental Management,"Introduces and critically interrogates approaches to the management or governance of environments and natural resources. Themes may include: parks and protected areas, fisheries, forestry, water and energy management; environmental impact assessment; comprehensive land-use and marine spatial planning; and urban sustainability, all in the context of profound political and environmental change, colonialism, and Indigenous resurgence.","GEOG 101A, GEOG 103",Lab,3-2-0,Environment,Fall,110,https://www.uvic.ca/calendar/future/undergrad/index.php#/courses/BJPfS_pXN?group=Geography%20(GEOG)&bc=true&bcCurrent=Geography%20(GEOG)&bcItemType=Courses&bc=true&bcCurrent=GEOG209%20-%20Introduction%20to%20Environmental%20Management&bcGroup=Geography%20(GEOG)&bcItemType=courses,https://banner.uvic.ca/StudentRegistrationSsb/ssb/classSearch/classSearch?term=202209&txt_subject=GEOG&txt_courseNumber=209
GEOG 211,Political and Economic Geography,"Examines the major thematic concerns that have traditionally shaped the sub-disciplines of political and economic geography, while also engaging with emerging issues that are likely to become focal points in shaping future debates. Explores the co-constitutive relationship between politics, economics and space.","GEOG101B; minimum second-year standing; Credit granted for only one of GEOG 211, GEOG 201A, GEOG 201B",Lab,3-2-0,??,Fall,86,https://www.uvic.ca/calendar/future/undergrad/index.php#/courses/SkgvGHOpQN?group=Geography%20(GEOG)&bc=true&bcCurrent=Geography%20(GEOG)&bcItemType=Courses&bc=true&bcCurrent=GEOG211%20-%20Political%20and%20Economic%20Geography&bcGroup=Geography%20(GEOG)&bcItemType=courses,https://banner.uvic.ca/StudentRegistrationSsb/ssb/classSearch/classSearch?term=202209&txt_subject=GEOG&txt_courseNumber=211
GEOG 218,Social and Cultural Geography,"Introduction to social and cultural geography with a focus on the interpretation of cultural landscapes, place-making, and the spatial expression of social and cultural identities. Lab assignments involve fieldwork and critical reflection on the relation between culture, society and landscape.",GEOG 101B,Lab,3-2-0,??,Spring,88,https://www.uvic.ca/calendar/future/undergrad/index.php#/courses/ryYfrdT74?group=Geography%20(GEOG)&bc=true&bcCurrent=Geography%20(GEOG)&bcItemType=Courses&bc=true&bcCurrent=GEOG218%20-%20Social%20and%20Cultural%20Geography&bcGroup=Geography%20(GEOG)&bcItemType=courses,https://banner.uvic.ca/StudentRegistrationSsb/ssb/classSearch/classSearch?term=202301&txt_subject=GEOG&txt_courseNumber=218
GEOG 220,Weather and Climate,"An introduction to the physical processes that determine Earth's weather and climate. Topics include atmospheric composition, flows of energy through the atmosphere, small-scale and large-scale winds, cloud and precipitation processes, climate change.","Complete all of the following: 1.5 units of: 100 level PHYS; 1.5 units of: 100 level MATH; or permission of the department; Cross-listed with EOS 220; Credit  granted for only one of GEOG 220, EOS 220",,3-0-2,Physical,??,,https://www.uvic.ca/calendar/future/undergrad/index.php#/courses/SJ11EdLRw?group=Geography%20(GEOG)&bc=true&bcCurrent=Geography%20(GEOG)&bcItemType=Courses&bc=true&bcCurrent=GEOG220%20-%20Weather%20and%20Climate&bcGroup=Geography%20(GEOG)&bcItemType=courses,
GEOG 222,Introduction to Maps and GIS,"Introduces techniques and fundamentals of spatial data and analysis. Topics include: scale, map interpretation, GPS and Geographic Information Systems.",Minimum second-year standing,Lab,2-2-0,Geomatics,Fall Spring,110,https://www.uvic.ca/calendar/future/undergrad/index.php#/courses/rJcMHu67V?group=Geography%20(GEOG)&bc=true&bcCurrent=Geography%20(GEOG)&bcItemType=Courses&bc=true&bcCurrent=GEOG222%20-%20Introduction%20to%20Maps%20and%20GIS&bcGroup=Geography%20(GEOG)&bcItemType=courses,https://banner.uvic.ca/StudentRegistrationSsb/ssb/classSearch/classSearch?term=202301&txt_subject=GEOG&txt_courseNumber=222
GEOG 226,Introduction to Quantitative Methods in Geography,"Application of statistical techniques to geographic problems. Topics include hypothesis formulation, sampling strategies, parametric and nonparametric statistical tests, statistical models. All laboratory exercises are computer based.","Complete 1 of the following: Complete 3 units from GEOG  100 - 299; Complete 3 units from EOS  100 - 299; Credit granted for only one of GEOG 226, GEOG 321",Lab,2-3-0,Environment Physical,Fall Spring,80,https://www.uvic.ca/calendar/future/undergrad/index.php#/courses/rJifB_aXE?group=Geography%20(GEOG)&bc=true&bcCurrent=Geography%20(GEOG)&bcItemType=Courses&bc=true&bcCurrent=GEOG226%20-%20Introduction%20to%20Quantitative%20Methods%20in%20Geography&bcGroup=Geography%20(GEOG)&bcItemType=courses,https://banner.uvic.ca/StudentRegistrationSsb/ssb/classSearch/classSearch?term=202301&txt_subject=GEOG&txt_courseNumber=226
GEOG 227,Introduction to Qualitative Methods in Geography,"Introduces the main qualitative methodological approaches applied in human geography. A range of paradigms (ethnography, action research, the scientific method, Marxism and feminism), research design, data collection tools (survey and questionnaire design, focus groups, interviews, diagraming, participant observation, photo voice, participatory video), data analysis (narrative analysis, coding, data interpretation, thematic and interpretive analyses) and examine Indigenous Methodologies and apply to current issues in the discipline.","Minimum second-year standing; Credit granted for only one of GEOG 227, GEOG 327; formerly GEOG 327",Lab,2-2-0,??,Fall,44,https://www.uvic.ca/calendar/future/undergrad/index.php#/courses/rkE1gCFsS?group=Geography%20(GEOG)&bc=true&bcCurrent=Geography%20(GEOG)&bcItemType=Courses&bc=true&bcCurrent=GEOG227%20-%20Introduction%20to%20Qualitative%20Methods%20in%20Geography&bcGroup=Geography%20(GEOG)&bcItemType=courses,https://banner.uvic.ca/StudentRegistrationSsb/ssb/classSearch/classSearch?term=202209&txt_subject=GEOG&txt_courseNumber=227
GEOG 228,Introduction to Remote Sensing,"Introduces the use of remotely sensed images to address information issues related to both physical and human geography. Students are exposed to a range of image types and resolutions, as well as methods and tools used for their analysis.",Minimum second-year standing,Lab,2-2-0,Geomatics,Fall,88,https://www.uvic.ca/calendar/future/undergrad/index.php#/courses/HkjGruTXE?group=Geography%20(GEOG)&bc=true&bcCurrent=Geography%20(GEOG)&bcItemType=Courses&bc=true&bcCurrent=GEOG228%20-%20Introduction%20to%20Remote%20Sensing&bcGroup=Geography%20(GEOG)&bcItemType=courses,https://banner.uvic.ca/StudentRegistrationSsb/ssb/classSearch/classSearch?term=202301&txt_subject=GEOG&txt_courseNumber=228
GEOG 230,Scientific Computing and Environmental Data Analysis,"An introduction to using computer programming to analyze climate data. Topics include fundamentals of programming, data visualization, analysis of spatial data, descriptive statistics, linear regression.","Complete all of the following: Complete 1.5 units of: 100 level MATH; Complete 1 of: EOS110, EOS130, GEOG130. or permission of the department; Cross-listed with EOS 230; Credit granted for only one of GEOG 230, EOS 230; ",Tutorial,3-0-2,Physical,??,,https://www.uvic.ca/calendar/future/undergrad/index.php#/courses/rJW5SdLRP?group=Geography%20(GEOG)&bc=true&bcCurrent=Geography%20(GEOG)&bcItemType=Courses&bc=true&bcCurrent=GEOG230%20-%20Scientific%20Computing%20and%20Environmental%20Data%20Analysis%20&bcGroup=Geography%20(GEOG)&bcItemType=courses,
GEOG 252,Introduction to Coastal Geography,"Explores a wide variety of coastal topics from biophysical, ecological, and social-economic perspectives. Topics focus on coastal landscapes and communities that may include fundamentals of coastal oceanography, climate, biodiversity, water quality, fisheries, indigenous people, tourism and implications for management.","Minimum second-year standing; Credit granted for only one of GEOG 252, GEOG 352; Formerly GEOG 352",,3-0-0,??,Fall,70,https://www.uvic.ca/calendar/future/undergrad/index.php#/courses/B1hfHOTXN?group=Geography%20(GEOG)&bc=true&bcCurrent=Geography%20(GEOG)&bcItemType=Courses&bc=true&bcCurrent=GEOG252%20-%20Introduction%20to%20Coastal%20Geography&bcGroup=Geography%20(GEOG)&bcItemType=courses,https://banner.uvic.ca/StudentRegistrationSsb/ssb/classSearch/classSearch?term=202209&txt_subject=GEOG&txt_courseNumber=252
GEOG 272,Introduction to Climatology and Hydrology,An investigation of the fundamental processes controlling climate and hydrology. Explores various factors and interactions that determine the spatial and temporal variations of individual climate elements. Special attention is given to the mutual interaction of climate with the Earth's surface and the role that ground surface type or cover plays in moderating local climate and hydrology.,"Complete 1 of: GEOG 103, GEOG 119, EOS 110",Lab,3-2-0,Physical,Fall,88,https://www.uvic.ca/calendar/future/undergrad/index.php#/courses/HJe2GH_67E?group=Geography%20(GEOG)&bc=true&bcCurrent=Geography%20(GEOG)&bcItemType=Courses&bc=true&bcCurrent=GEOG272%20-%20Introduction%20to%20Climatology%20and%20Hydrology&bcGroup=Geography%20(GEOG)&bcItemType=courses,https://banner.uvic.ca/StudentRegistrationSsb/ssb/classSearch/classSearch?term=202209&txt_subject=GEOG&txt_courseNumber=272
GEOG 274,Introduction to Biogeography,"Examines the relationships among organisms - principally plants and animals - and their environment, emphasizing their distributions across a range of spatial and temporal scales. Examines basic ecological and evolutionary concepts affecting biogeographic processes of dispersal, speciation and extinction; how patterns of biodiversity change over space and time from early earth history to the contemporary environment; the nature of changing biotic distributions with increasing human impacts and global change.","GEOG 101A, GEOG 103; BIOL 12, or BIOL 150B recommended",Lab,3-2-0,Environment Physical,Spring,88,https://www.uvic.ca/calendar/future/undergrad/index.php#/courses/SJ3GSdamV?group=Geography%20(GEOG)&bc=true&bcCurrent=Geography%20(GEOG)&bcItemType=Courses&bc=true&bcCurrent=GEOG274%20-%20Introduction%20to%20Biogeography&bcGroup=Geography%20(GEOG)&bcItemType=courses,"Examines the relationships among organisms - principally plants and animals - and their environment, emphasizing their distributions across a range of spatial and temporal scales. Examines basic ecological and evolutionary concepts affecting biogeographic processes of dispersal, speciation and extinction; how patterns of biodiversity change over space and time from early earth history to the contemporary environment; the nature of changing biotic distributions with increasing human impacts and global change."
GEOG 276,Introduction to Geomorphology,"Introduction to Earth surface process and landforms including riverine, desert, coastal, glacial, hillslope and permafrost environments. Focus on regional and Canadianlandscapes. Involves a field trip.","Complete 1 of: GEOG 103, GEOG 120, EOS 120",Lab,3-2-0,Physical,Fall Spring,92,https://www.uvic.ca/calendar/future/undergrad/index.php#/courses/HyazrO6mV?group=Geography%20(GEOG)&bc=true&bcCurrent=Geography%20(GEOG)&bcItemType=Courses&bc=true&bcCurrent=GEOG276%20-%20Introduction%20to%20Geomorphology&bcGroup=Geography%20(GEOG)&bcItemType=courses,https://banner.uvic.ca/StudentRegistrationSsb/ssb/classSearch/classSearch?term=202301&txt_subject=GEOG&txt_courseNumber=276
GEOG 301,Environmental Impact Assessment,"Introduction to Earth surface process and landforms including riverine, desert, coastal, glacial, hillslope and permafrost environments. Focus on regional and Canadian landscapes. Involves a field trip.","GEOG 209; Cross-listed with ES461; Credit granted for only one of GEOG 301, GEOG 391 (if taken in the same topic), ES 400A (if taken prior to September 1989), ES 410, ES 461",,3-0-0,Environment,Fall Spring,45,https://www.uvic.ca/calendar/future/undergrad/index.php#/courses/HkCfrdp7E?group=Geography%20(GEOG)&bc=true&bcCurrent=Geography%20(GEOG)&bcItemType=Courses&bc=true&bcCurrent=GEOG301%20-%20Environmental%20Impact%20Assessment&bcGroup=Geography%20(GEOG)&bcItemType=courses,https://banner.uvic.ca/StudentRegistrationSsb/ssb/classSearch/classSearch?term=202301&txt_subject=GEOG&txt_courseNumber=301
GEOG 303,Conservation and Ecology of Whales,"Examines the fundamental biology, evolution and ecology of the modern whale species. Discusses the history and the spectrum of the human relationships with whales. Current topics in the marine mammal sphere are critically examined.","Complete 1 of: GEOG 274, BIOL 150A, BIOL 184, BIOL 190B; Credit granted for only one of GEOG 303, GEOG 391 (if taken in the same topic).",,3-0-0,Environment,Fall,90,https://www.uvic.ca/calendar/future/undergrad/index.php#/courses/H1AGHOpmE?group=Geography%20(GEOG)&bc=true&bcCurrent=Geography%20(GEOG)&bcItemType=Courses&bc=true&bcCurrent=GEOG303%20-%20Conservation%20and%20Ecology%20of%20Whales&bcGroup=Geography%20(GEOG)&bcItemType=courses,https://banner.uvic.ca/StudentRegistrationSsb/ssb/classSearch/classSearch?term=202209&txt_subject=GEOG&txt_courseNumber=303
GEOG 304,Coastal Conservation,"Examines the natural science and social science dimensions of conservation on the remote and largely undeveloped central and north coast of British Columbia. Students explore current issues with relevant theory, thus uniting contemporary affairs with scholarship. Major themes are energy development and exploitation of biological resources (like fish and wildlife), but specific themes might change among years. Students learn from western scientific approaches, First Nations perspectives, and their interaction.","Complete 1 of: GEOG 252, GEOG 352; Credit granted for only one of GEOG 304, GEOG 391(if taken in the same topic). ",,3-0-0,Environment,??,,https://www.uvic.ca/calendar/future/undergrad/index.php#/courses/HJ1XrupQ4?group=Geography%20(GEOG)&bc=true&bcCurrent=Geography%20(GEOG)&bcItemType=Courses&bc=true&bcCurrent=GEOG304%20-%20Coastal%20Conservation&bcGroup=Geography%20(GEOG)&bcItemType=courses,
GEOG 306,Geography of Canada,"Explores the physical, historical, cultural, and political geography of Canada. Topics may include: human / environment relationships; settlement and development patterns; colonialism and Indigenous resurgence; national identity and conflict; and current issues in the Canadian context.",Minimum second-year standing,,3-0-0,Elective,Fall Spring,65,https://www.uvic.ca/calendar/future/undergrad/index.php#/courses/SygXS_TmV?group=Geography%20(GEOG)&bc=true&bcCurrent=Geography%20(GEOG)&bcItemType=Courses&bc=true&bcCurrent=GEOG306%20-%20Geography%20of%20Canada&bcGroup=Geography%20(GEOG)&bcItemType=courses,https://banner.uvic.ca/StudentRegistrationSsb/ssb/classSearch/classSearch?term=202301&txt_subject=GEOG&txt_courseNumber=306
GEOG 309,Geography of British Columbia,"An examination of the physical, economic, and cultural landscapes that distinguish the cities and rural regions of Canada's West Coast province.","Minimum second-year standing, Credit will be granted for only one of GEOG 309, GEOG 219; Formerly GEOG 219",,3-0-0,Elective,Fall,60,https://www.uvic.ca/calendar/future/undergrad/index.php#/courses/BJ-XrdpmN?group=Geography%20(GEOG)&bc=true&bcCurrent=Geography%20(GEOG)&bcItemType=Courses&bc=true&bcCurrent=GEOG309%20-%20Geography%20of%20British%20Columbia&bcGroup=Geography%20(GEOG)&bcItemType=courses,https://banner.uvic.ca/StudentRegistrationSsb/ssb/classSearch/classSearch?term=202209&txt_subject=GEOG&txt_courseNumber=309
GEOG 310,Global Migration,"Contemporary issues relating to the patterns, processes, and politics of global migration. Theories, concepts and themes associated with cross-border migratory flows are explored as they relate to the increase in global migration and mobility of people of different nationalities and cultural backgrounds around the world. Topics include border control and security, demographic patterns of movement relating to refugees and internally-displaced persons, human smuggling and trafficking.","Minimum second-year standing; Credit granted for only one of GEOG 310, GEOG 391 (if taken in the same topic)",,3-0-0,Human,Fall,50,https://www.uvic.ca/calendar/future/undergrad/index.php#/courses/By2XhC_5H?group=Geography%20(GEOG)&bc=true&bcCurrent=Geography%20(GEOG)&bcItemType=Courses&bc=true&bcCurrent=GEOG310%20-%20Global%20Migration&bcGroup=Geography%20(GEOG)&bcItemType=courses,https://banner.uvic.ca/StudentRegistrationSsb/ssb/classSearch/classSearch?term=202209&txt_subject=GEOG&txt_courseNumber=310
GEOG 313,Field Studies in Mountain Meteorology,"An immersive opportunity to understand the physical processes of meteorological phenomena in mountain environments. Measuring and monitoring of snowpack, extreme weather and climate and their associated hazards in mountain ranges are prominent course themes. A field trip fee may be applied.",GEOG 272,,3-0-0,Physical,Spring,16,https://www.uvic.ca/calendar/future/undergrad/index.php#/courses/SkagBJc5S?group=Geography%20(GEOG)&bc=true&bcCurrent=Geography%20(GEOG)&bcItemType=Courses&bc=true&bcCurrent=GEOG313%20-%20Field%20Studies%20in%20Mountain%20Meteorology&bcGroup=Geography%20(GEOG)&bcItemType=courses,https://banner.uvic.ca/StudentRegistrationSsb/ssb/classSearch/classSearch?term=202301&txt_subject=GEOG&txt_courseNumber=313
GEOG 314,Global Environment Change and Human Response,"Based on four components: global environmental change; sustainable development; biodiversity; and population impoverishment and environmental degradation. Lectures and discussion emphasize the causes of global change, the present and expected impacts on natural and social systems, and response strategies that have been proposed or enacted.","Minimum second-year standing; Credit granted for only one of GEOG 314, GEOG 214 (if taken prior to December 2006).",,3-0-0,Environment,Fall,75,https://www.uvic.ca/calendar/future/undergrad/index.php#/courses/ryGXHuTm4?group=Geography%20(GEOG)&bc=true&bcCurrent=Geography%20(GEOG)&bcItemType=Courses&bc=true&bcCurrent=GEOG314%20-%20Global%20Environment%20Change%20and%20Human%20Response&bcGroup=Geography%20(GEOG)&bcItemType=courses,https://banner.uvic.ca/StudentRegistrationSsb/ssb/classSearch/classSearch?term=202209&txt_subject=GEOG&txt_courseNumber=314
GEOG 315,Geocaching,"Introduces the activity of geocaching, the fundamentals of GPS navigation and data collection. Emphasis is placed on geocaching, the history and workings of GPS and associated navigation systems, map datums and coordinate systems and basics of GPS data management. Hands-on operating and working with GPS units in the field, through a variety of geocaching activities and assignments. Examples of the use of GPS in geographical research is demonstrated through lectures and readings.","Minimum third-year standing; Credit granted for only one of GEOG 315, GEOG 391 (if taken in the same topic).",,3-0-0,Elective,??,,https://www.uvic.ca/calendar/future/undergrad/index.php#/courses/SkMmHOamV?group=Geography%20(GEOG)&bc=true&bcCurrent=Geography%20(GEOG)&bcItemType=Courses&bc=true&bcCurrent=GEOG315%20-%20Geocaching&bcGroup=Geography%20(GEOG)&bcItemType=courses,
GEOG 316,Field Studies in Human Geography,"Explores concepts and concerns of human geography including personal, cultural and political considerations of space, place and society through practical, experiential learning. A field trip fee may be applied.","Complete all of: GEOG 101A, GEOG 101B; Complete 1 of: GEOG 209, GEOG 211, GEOG 218; Credit granted for only one of GEOG 316, GEOG 391 (if taken in the same topic); May be taken more than once for credit in different topics with permission of the department",,3-0-0,Human,??,,https://www.uvic.ca/calendar/future/undergrad/index.php#/courses/BJuuvyc5r?group=Geography%20(GEOG)&bc=true&bcCurrent=Geography%20(GEOG)&bcItemType=Courses&bc=true&bcCurrent=GEOG316%20-%20Field%20Studies%20in%20Human%20Geography&bcGroup=Geography%20(GEOG)&bcItemType=courses,
GEOG 317,Field Studies in Sustainable Communities,"The challenges and opportunities for promoting resilient, inclusive, equitable and sustainable communities are explored through practical and experiential learning. A field trip fee may be applied.","Complete all of: GEOG 101A, GEOG 101B; Complete 1 of: GEOG 209, GEOG 211, GEOG 218, or permission of the department; Credit granted for only one of GEOG 317, GEOG 391 (if taken in the same topic); ",,3-0-0,Human,??,,https://www.uvic.ca/calendar/future/undergrad/index.php#/courses/BJTUKJcqr?group=Geography%20(GEOG)&bc=true&bcCurrent=Geography%20(GEOG)&bcItemType=Courses&bc=true&bcCurrent=GEOG317%20-%20Field%20Studies%20in%20Sustainable%20Communities&bcGroup=Geography%20(GEOG)&bcItemType=courses,
GEOG 319,Remote Sensing of the Environment using Passive Sensors,"Focuses on physical principles underlying passive remote sensing and electromagnetic propagation in free space and matter; attenuation, absorption and scattering mechanisms; interaction of energy with the atmosphere and Earth materials such as vegetation, soil, rock, water and urban structures.","Complete all of: GEOG 222, GEOG 228; minimum third-year standing; Complete 1 of the following: Complete all of: GEOG 226, 1.5 units minimum 200 level STAT or equivalent, ",Lab,2-2-0,Geomatics,Fall,44,https://www.uvic.ca/calendar/future/undergrad/index.php#/courses/rklMQBupQV?group=Geography%20(GEOG)&bc=true&bcCurrent=Geography%20(GEOG)&bcItemType=Courses&bc=true&bcCurrent=GEOG319%20-%20Remote%20Sensing%20of%20the%20Environment%20using%20Passive%20Sensors&bcGroup=Geography%20(GEOG)&bcItemType=courses,https://banner.uvic.ca/StudentRegistrationSsb/ssb/classSearch/classSearch?term=202209&txt_subject=GEOG&txt_courseNumber=319
GEOG 322,Remote Sensing of the Environment using Active Sensors,"Processing and analysis of remote sensing data collected using active sensors - those that transmit their own energy. Data from active microwave sensors, including RADAR and Light Detection and Ranging (LiDAR) sensors, are discussed and analyzed with respect to their applicability as standalone and complementary data sources to remote sensing data acquired using passive systems. Laboratory assignments use image analysis software in a variety of applications.","Complete all of: GEOG 222, GEOG 228; minimum third-year standing; Complete 1 of the following: Complete all of: GEOG 226, 1.5 units minimum 200 level STAT or equivalent, ",Lab,2-2-0,Geomatics,Spring,44,https://www.uvic.ca/calendar/future/undergrad/index.php#/courses/HyVXru6XE?group=Geography%20(GEOG)&bc=true&bcCurrent=Geography%20(GEOG)&bcItemType=Courses&bc=true&bcCurrent=GEOG322%20-%20Remote%20Sensing%20of%20the%20Environment%20using%20Active%20Sensors&bcGroup=Geography%20(GEOG)&bcItemType=courses,https://banner.uvic.ca/StudentRegistrationSsb/ssb/classSearch/classSearch?term=202301&txt_subject=GEOG&txt_courseNumber=322
GEOG 323,Cartography,"Introduces topographic and thematic cartography. Emphasis on cartographic data manipulation, generalization and symbolization; map design, visualization and communication. Laboratory assignments provide practical experience in designing and drafting maps.","Complete all of: GEOG 222; minimum third-year standing; Complete 1 of the following: GEOG 226, 1.5 units minimum 200 level STAT or equivalent",Lab,2-2-0,Geomatics,Fall Spring,44,https://www.uvic.ca/calendar/future/undergrad/index.php#/courses/SJeN7r_aXE?group=Geography%20(GEOG)&bc=true&bcCurrent=Geography%20(GEOG)&bcItemType=Courses&bc=true&bcCurrent=GEOG323%20-%20Cartography&bcGroup=Geography%20(GEOG)&bcItemType=courses,https://banner.uvic.ca/StudentRegistrationSsb/ssb/classSearch/classSearch?term=202301&txt_subject=GEOG&txt_courseNumber=323
GEOG 324,Directions in Geography,"An intellectual history of geographical thought, concentrating on trends, ideologies and controversies since 1960. Idiographic, nomothetic, quantitative, behavioural, applied radical, humanistic and recent social theory and GIS approaches are critically discussed in seminars.",4.5 units of 100- or 200-level GEOG courses.,,3-0-0,Elective,Fall,30,https://www.uvic.ca/calendar/future/undergrad/index.php#/courses/H1H7Bd6XV?group=Geography%20(GEOG)&bc=true&bcCurrent=Geography%20(GEOG)&bcItemType=Courses&bc=true&bcCurrent=GEOG324%20-%20Directions%20in%20Geography&bcGroup=Geography%20(GEOG)&bcItemType=courses,https://banner.uvic.ca/StudentRegistrationSsb/ssb/classSearch/classSearch?term=202209&txt_subject=GEOG&txt_courseNumber=324
GEOG 325,Field Surveying,"An introduction to fundamental concepts of surveying and field work. This is an instrument-based course covering differential leveling, traversing, tachometry, GPS and their applications to field work.","GEOG 222; minimum third-year standing; Complete 1 of the following: GEOG 226, 1.5 units minimum 200 level STAT or equivalent; 1.5 units of GEOG 100-level recommended prior to GEOG 325",Lab,2-3-0,Environment,??,,https://www.uvic.ca/calendar/future/undergrad/index.php#/courses/HySmBOp74?group=Geography%20(GEOG)&bc=true&bcCurrent=Geography%20(GEOG)&bcItemType=Courses&bc=true&bcCurrent=GEOG325%20-%20Field%20Surveying&bcGroup=Geography%20(GEOG)&bcItemType=courses,
GEOG 328,GIS Analysis,"Focuses on analysis for digital mapping and modeling, developing and using geographic data to answer spatial research questions, conducting basic spatial interpolations and carrying-out multi-criteria modelling.","GEOG 222, GEOG 228; minimum third-year standing; Complete 1 of the following: GEOG 226, 1.5 units minimum 200 level STAT or equivalent",Lab,2-2-0,Geomatics,Fall Spring,66,https://www.uvic.ca/calendar/future/undergrad/index.php#/courses/BkL7SOamV?group=Geography%20(GEOG)&bc=true&bcCurrent=Geography%20(GEOG)&bcItemType=Courses&bc=true&bcCurrent=GEOG328%20-%20GIS%20Analysis&bcGroup=Geography%20(GEOG)&bcItemType=courses,https://banner.uvic.ca/StudentRegistrationSsb/ssb/classSearch/classSearch?term=202301&txt_subject=GEOG&txt_courseNumber=328
GEOG 329,GIS Applications and Tools,"The basics of GIS tool development including applications, desktop GIS customization, map mashups, model building in a GIS environment, Internet GIS, building web pages that include GIS maps and tasks.","Complete all of: GEOG 222, GEOG 228; minimum third-year standing; Complete 1 of the following: GEOG 226, 1.5 units minimum 200 level STAT or equivalent",Lab,2-2-0,Geomatics,Spring,66,https://www.uvic.ca/calendar/future/undergrad/index.php#/courses/S1DXr_TQ4?group=Geography%20(GEOG)&bc=true&bcCurrent=Geography%20(GEOG)&bcItemType=Courses&bc=true&bcCurrent=GEOG329%20-%20GIS%20Applications%20and%20Tools&bcGroup=Geography%20(GEOG)&bcItemType=courses,https://banner.uvic.ca/StudentRegistrationSsb/ssb/classSearch/classSearch?term=202301&txt_subject=GEOG&txt_courseNumber=329
GEOG 332,Urban Development in the Global South,"Examines fundamental characteristics of cities in the Global South with a focus on issues of urban development as well as social, cultural, economic, and environmental challenges in the region. Addresses the driving forces of urban growth and investigates the consequences of this transformation in terms of economic and human development as well as environmental sustainability. Discussion and analysis of contentious urban issues and case studies from the Global South.","GEOG 211, GEOG 218",,3-0-0,Human,Fall,40,https://www.uvic.ca/calendar/future/undergrad/index.php#/courses/ryeDQHd67E?group=Geography%20(GEOG)&bc=true&bcCurrent=Geography%20(GEOG)&bcItemType=Courses&bc=true&bcCurrent=GEOG332%20-%20Urban%20Development%20in%20the%20Global%20South&bcGroup=Geography%20(GEOG)&bcItemType=courses,https://banner.uvic.ca/StudentRegistrationSsb/ssb/classSearch/classSearch?term=202209&txt_subject=GEOG&txt_courseNumber=332
GEOG 339,Disaster Management and Community Resilience,"Explores hazard events and the factors and conditions that lead to disasters. Covers such events as earthquakes, hurricanes, tsunamis, floods, droughts and examines their human and natural dimensions.Emphasis on understanding vulnerability and risk assessment, sustainable hazards mitigation and disaster management approaches to enhancing community resilience.","GEOG 103, GEOG 211, GEOG 218; Credit will be granted for only one of GEOG 339, GEOG 391 (if taken in the same topic), GEOG 472; Formerly part of GEOG 472",,3-0-0,Human,Spring,24,https://www.uvic.ca/calendar/future/undergrad/index.php#/courses/HyumH_aXE?group=Geography%20(GEOG)&bc=true&bcCurrent=Geography%20(GEOG)&bcItemType=Courses&bc=true&bcCurrent=GEOG339%20-%20Disaster%20Management%20and%20Community%20Resilience&bcGroup=Geography%20(GEOG)&bcItemType=courses,https://banner.uvic.ca/StudentRegistrationSsb/ssb/classSearch/classSearch?term=202301&txt_subject=GEOG&txt_courseNumber=339
GEOG 340,Cities and Planning,Overview of key thematic areas related to cities and planning in the North American context. Includes a critical examination of the history of urban planning and contemporary issues in urban geography to foster a deeper appreciation of the spatial politics of the urban experience.,"Complete 1 of: GEOG 211, GEOG 218; Credit will be granted for only one of GEOG 340, GEOG 340B, GEOG 349",,3-0-0,Human,Fall,65,https://www.uvic.ca/calendar/future/undergrad/index.php#/courses/Bkgu7r_pQ4?group=Geography%20(GEOG)&bc=true&bcCurrent=Geography%20(GEOG)&bcItemType=Courses&bc=true&bcCurrent=GEOG340%20-%20Cities%20and%20Planning&bcGroup=Geography%20(GEOG)&bcItemType=courses,https://banner.uvic.ca/StudentRegistrationSsb/ssb/classSearch/classSearch?term=202209&txt_subject=GEOG&txt_courseNumber=340
GEOG 346,"Health, Environment and Community","Examines the dynamics and linkages between health and the environment at the micro scale of individuals to the macro scale of communities and nations. Definitions of health, wellness and well-being, as well as healthy communities; focusing on the range of factors, conditions and determinants that make people and place healthy or unhealthy.","Complete 1 of: GEOG 209, GEOG 211, GEOG 218; Recommendations: GEOG 226 or 1.5 units 200 level STAT",,3-0-0,Human,Fall,60,https://www.uvic.ca/calendar/future/undergrad/index.php#/courses/HyamSu6QE?group=Geography%20(GEOG)&bc=true&bcCurrent=Geography%20(GEOG)&bcItemType=Courses&bc=true&bcCurrent=GEOG346%20-%20Health%2C%20Environment%20and%20Community&bcGroup=Geography%20(GEOG)&bcItemType=courses,https://banner.uvic.ca/StudentRegistrationSsb/ssb/classSearch/classSearch?term=202209&txt_subject=GEOG&txt_courseNumber=346
GEOG 347B,Geographies of Development,"A critical examination of development theories, trends and issues. Topics included are the definition and measurement of poverty and inequality, an overview of global population growth and structure, the impact of globalization on third-world economies, the effectiveness of foreign aid, and food security constraints.","GEOG 211; Credit will be granted for only one of GEOG 347B, GEOG 347",,3-0-0,Human,Fall,24,https://www.uvic.ca/calendar/future/undergrad/index.php#/courses/BJyNSOa7V?group=Geography%20(GEOG)&bc=true&bcCurrent=Geography%20(GEOG)&bcItemType=Courses&bc=true&bcCurrent=GEOG347B%20-%20Geographies%20of%20Development&bcGroup=Geography%20(GEOG)&bcItemType=courses,https://banner.uvic.ca/StudentRegistrationSsb/ssb/classSearch/classSearch?term=202209&txt_subject=GEOG&txt_courseNumber=347B
GEOG 353,Coastal and Marine Resource Management,"An integration of the scientific, cultural, and policy dimensions of resource management in coastal and marine systems. Concepts will be illustrated with examples from wildlife and fisheries management. Although global context is set, a special focus will be on British Columbia's coast.","Complete 1 of: GEOG 209, GEOG 252, GEOG 352; permission of the instructor; Credit will be granted for only one of GEOG 353, GEOG 452",,3-0-0,Environment,Spring,55,https://www.uvic.ca/calendar/future/undergrad/index.php#/courses/HkMNrdaQV?group=Geography%20(GEOG)&bc=true&bcCurrent=Geography%20(GEOG)&bcItemType=Courses&bc=true&bcCurrent=GEOG353%20-%20Coastal%20and%20Marine%20Resource%20Management&bcGroup=Geography%20(GEOG)&bcItemType=courses,https://banner.uvic.ca/StudentRegistrationSsb/ssb/classSearch/classSearch?term=202301&txt_subject=GEOG&txt_courseNumber=353
GEOG 357,Parks and Protected Areas,"An investigation of the principles and concepts underlying the designation, planning and management of protected areas such as national and provincial park systems. Topics include: the history and philosophy of protected areas; international classifications and examples; role of native peoples; carrying capacity; visitor management; interpretation; ecosystem integrity; ecosystem management; and a variety of case studies. Students should be prepared to undertake one or more weekend field trips; a fee for each field trip may be applied.","GEOG 209; Credit will be granted for only one of GEOG 357, GEOG 455, GEOG 459A, GEOG 459B.",,3-0-0,Environment,??,,https://www.uvic.ca/calendar/future/undergrad/index.php#/courses/S1VNSOaXV?group=Geography%20(GEOG)&bc=true&bcCurrent=Geography%20(GEOG)&bcItemType=Courses&bc=true&bcCurrent=GEOG357%20-%20Parks%20and%20Protected%20Areas&bcGroup=Geography%20(GEOG)&bcItemType=courses,
GEOG 358,Landscape Ecology,"Landscape ecology emphasizes the interaction between spatial pattern and ecological processes. Focus is on the role of spatial heterogeneity in affecting the distribution and abundance of organisms, mass and energy transfers, and alterations of this structure by natural or anthropogenic forces. Implications for wildlife management and conservation are discussed.","One of GEOG 101A, GEOG 103; Complete 1 of the following GEOG 226, 1.5 units minimum 200 level STAT or equivalent; Complete 1 of: BIOL 215, ES 240, ES 348; 1.5 units 100 level MATH; minimum third-year standing; GEOG 274 recommended prior to GEOG 358",,3-0-0,Environment Physical,??,,https://www.uvic.ca/calendar/future/undergrad/index.php#/courses/ByrEBuTQE?group=Geography%20(GEOG)&bc=true&bcCurrent=Geography%20(GEOG)&bcItemType=Courses&bc=true&bcCurrent=GEOG358%20-%20Landscape%20Ecology&bcGroup=Geography%20(GEOG)&bcItemType=courses,
GEOG 370,Hydrology,"An overview of hydrological processes, measurement techniques and data analysis. The movement of water in the hydrologic cycle via precipitation, interception, evapotranspiration, surface runoff, infiltration, soil moisture, groundwater flow and streamflow generation are examined. Applied aspects and local examples are discussed. Involves laboratory assignments and a field trip.",Complete all of: GEOG 272; Completed or concurrently enrolled in: EOS 340; 1.5 units of 100-level MATH; minimum third-year standing; Note: EOS 340 can be taken as a prerequisite or a corequisite.,Lab,3-2-0,Physical,Spring,44,https://www.uvic.ca/calendar/future/undergrad/index.php#/courses/H1cVBupmN?group=Geography%20(GEOG)&bc=true&bcCurrent=Geography%20(GEOG)&bcItemType=Courses&bc=true&bcCurrent=GEOG370%20-%20Hydrology&bcGroup=Geography%20(GEOG)&bcItemType=courses,https://banner.uvic.ca/StudentRegistrationSsb/ssb/classSearch/classSearch?term=202301&txt_subject=GEOG&txt_courseNumber=370
GEOG 371,Water Resources Management,"A study of water resources management in different parts of the world, examining the influence of various physical, economic, social, political and technological factors. Examines the alternative ways in which such problems as water scarcity, floods and declining water quality are handled. Examines in detail a number of major water development schemes. Students are expected to undertake a modest research project and report upon it.","GEOG 209, GEOG 272",,3-0-0,Environment Physical,??,,https://www.uvic.ca/calendar/future/undergrad/index.php#/courses/Syj4Bd67N?group=Geography%20(GEOG)&bc=true&bcCurrent=Geography%20(GEOG)&bcItemType=Courses&bc=true&bcCurrent=GEOG371%20-%20Water%20Resources%20Management&bcGroup=Geography%20(GEOG)&bcItemType=courses,
GEOG 373,Applied Climatology,A study of the application of physical principles to practical problems in climatology and the reciprocal interaction between climate and human activities. Topics include: urban effects on climate; air pollution; human bioclimatology; agricultural climatology; and methods of microclimatic modification.,GEOG 272; 1.5 units 100 level MATH; minimum third-year standing,Lab,3-2-0,Physical,Spring,48,https://www.uvic.ca/calendar/future/undergrad/index.php#/courses/Bk24BupmN?group=Geography%20(GEOG)&bc=true&bcCurrent=Geography%20(GEOG)&bcItemType=Courses&bc=true&bcCurrent=GEOG373%20-%20Applied%20Climatology&bcGroup=Geography%20(GEOG)&bcItemType=courses,https://banner.uvic.ca/StudentRegistrationSsb/ssb/classSearch/classSearch?term=202301&txt_subject=GEOG&txt_courseNumber=373
GEOG 376,Process Geomorphology,"An investigation of the physical processes that create and maintain landforms. Focus on measurement and analysis of morphodynamic processes in fluvial, aeolian, coastal, glacial, hillslope, and/or periglacial landscapes (e.g., sediment transport, erosion, wind/wave energy, river discharge, glacial dynamics, weathering rates). Involves a field trip and/or a group project.","Complete 1 of the following: GEOG 276, Complete all of: EOS 120, EOS 201; Complete 1.5 units from MATH  100 - 199; minimum third-level standing",Lab,3-2-0,Physical,Fall,72,https://www.uvic.ca/calendar/future/undergrad/index.php#/courses/SypNB_a7V?group=Geography%20(GEOG)&bc=true&bcCurrent=Geography%20(GEOG)&bcItemType=Courses&bc=true&bcCurrent=GEOG376%20-%20Process%20Geomorphology&bcGroup=Geography%20(GEOG)&bcItemType=courses,https://banner.uvic.ca/StudentRegistrationSsb/ssb/classSearch/classSearch?term=202209&txt_subject=GEOG&txt_courseNumber=376
GEOG 380,Community Mapping,"Examines the theory and practice of community based mapping and how it can facilitate dialogue and collaborative partnering, thus leading to knowledge co-creation, planning, citizen empowerment and engagement, building consensus, more informed policy making and ultimately social justice. This course is designed to be action-oriented and experiential, and has a very high local field component.","Minimum third-year standing; Credit will be granted for only one of GEOG 380, GEOG 391 (if taken in the same topic)",,3-0-0,Human,Fall Spring,25,https://www.uvic.ca/calendar/future/undergrad/index.php#/courses/H1kBHup7N?group=Geography%20(GEOG)&bc=true&bcCurrent=Geography%20(GEOG)&bcItemType=Courses&bc=true&bcCurrent=GEOG380%20-%20Community%20Mapping&bcGroup=Geography%20(GEOG)&bcItemType=courses,https://banner.uvic.ca/StudentRegistrationSsb/ssb/classSearch/classSearch?term=202301&txt_subject=GEOG&txt_courseNumber=380
GEOG 386,Contemporary Geopolitics,An overview of global geopolitics and the transformation of the world political map. Examination of key concepts and approaches to contemporary geopolitics through a series of regional case studies.,"Minimum second-year standing; Credit will be granted for only one of GEOG 386, GEOG 348",,3-0-0,Human,Fall,50,https://www.uvic.ca/calendar/future/undergrad/index.php#/courses/BygHr_amV?group=Geography%20(GEOG)&bc=true&bcCurrent=Geography%20(GEOG)&bcItemType=Courses&bc=true&bcCurrent=GEOG386%20-%20Contemporary%20Geopolitics&bcGroup=Geography%20(GEOG)&bcItemType=courses,https://banner.uvic.ca/StudentRegistrationSsb/ssb/classSearch/classSearch?term=202209&txt_subject=GEOG&txt_courseNumber=386
GEOG 388,Topics in Regional Studies,"Geography of a selected region of the world from a systematic perspective. Topics may include: the physical and human landscape; settlement; economic, political and social geography; spatial variation in modernization and economic growth.","Not open to students with credit in GEOG 466 without permission of the department; Credit will be granted for only one of GEOG 388, GEOG 288; Credit will be granted for only one of GEOG 388, GEOG 382; Credit will be granted for only one of GEOG 388, GEOG 383; May be taken more than once for credit in different topics with permission of the department.",,3-0-0,Elective,Fall,30,https://www.uvic.ca/calendar/future/undergrad/index.php#/courses/ryZrHOamV?group=Geography%20(GEOG)&bc=true&bcCurrent=Geography%20(GEOG)&bcItemType=Courses&bc=true&bcCurrent=GEOG388%20-%20Topics%20in%20Regional%20Studies&bcGroup=Geography%20(GEOG)&bcItemType=courses,https://banner.uvic.ca/StudentRegistrationSsb/ssb/classSearch/classSearch?term=202209&txt_subject=GEOG&txt_courseNumber=388
GEOG 391,Topics in Geography: Indigenous Geographies,Examination of a specific topic or area in Geography. Topic(s) are provided in advance of registration.,Minimum second-year standing; dditional prerequisites set by department depending upon topic; May be taken more than once for credit in different topics,,3-0-0,Human,Fall,30,https://www.uvic.ca/calendar/future/undergrad/index.php#/courses/rJMSr_67V?group=Geography%20(GEOG)&bc=true&bcCurrent=Geography%20(GEOG)&bcItemType=Courses&bc=true&bcCurrent=GEOG391%20-%20Topics%20in%20Geography&bcGroup=Geography%20(GEOG)&bcItemType=courses,https://banner.uvic.ca/StudentRegistrationSsb/ssb/classSearch/classSearch?term=202209&txt_subject=GEOG&txt_courseNumber=391
GEOG 391,Topics in Geography: Community Engaged Research and Practice,Examination of a specific topic or area in Geography. Topic(s) are provided in advance of registration.,Minimum second-year standing; dditional prerequisites set by department depending upon topic; May be taken more than once for credit in different topics,,3-0-0,Human,Spring,24,https://www.uvic.ca/calendar/future/undergrad/index.php#/courses/rJMSr_67V?group=Geography%20(GEOG)&bc=true&bcCurrent=Geography%20(GEOG)&bcItemType=Courses&bc=true&bcCurrent=GEOG391%20-%20Topics%20in%20Geography&bcGroup=Geography%20(GEOG)&bcItemType=courses,https://banner.uvic.ca/StudentRegistrationSsb/ssb/classSearch/classSearch?term=202301&txt_subject=GEOG&txt_courseNumber=391
GEOG 391,Topics in Geography: Geography of Surfing,Examination of a specific topic or area in Geography. Topic(s) are provided in advance of registration.,Minimum second-year standing; dditional prerequisites set by department depending upon topic; May be taken more than once for credit in different topics,,3-0-0,Human,Spring,24,https://www.uvic.ca/calendar/future/undergrad/index.php#/courses/rJMSr_67V?group=Geography%20(GEOG)&bc=true&bcCurrent=Geography%20(GEOG)&bcItemType=Courses&bc=true&bcCurrent=GEOG391%20-%20Topics%20in%20Geography&bcGroup=Geography%20(GEOG)&bcItemType=courses,
GEOG 404,Space and Power,"nvestigates how political processes shape human geography, and conversely, how assumptions about geography underscore global politics. Examines the key themes, concepts, and theories that define the study of politics from a geographical perspective. Students gain a critical understanding of and appreciation for the historical and contemporary challenges of sovereignty, territoriality, governmentality, identity, citizenship, difference, violence, genocide, colonialism, and war.","Complete 1 of: GEOG 332, GEOG 344, GEOG 347B, GEOG 386; Credit will be granted for only one of GEOG 404, GEOG 491 (if taken in the same topic)",,3-0-0,Human,??,,https://www.uvic.ca/calendar/future/undergrad/index.php#/courses/BJmHB_67E?group=Geography%20(GEOG)&bc=true&bcCurrent=Geography%20(GEOG)&bcItemType=Courses&bc=true&bcCurrent=GEOG404%20-%20Space%20and%20Power&bcGroup=Geography%20(GEOG)&bcItemType=courses,
GEOG 405,Dynamics of the Cryosphere,"Explores the dynamics of the four main elements of the Earth's cryosphere - glaciers, snow cover, floating ice and permafrost - in physical, climatological, hydrological and Earth system contexts. A field trip fee may be applied.","Complete 1 of: GEOG 370, GEOG 373, EOS 340; Credit will be granted for only one of GEOG 405, GEOG 491 (if taken in the same topic)",,3-0-0,Physical,Fall,25,https://www.uvic.ca/calendar/future/undergrad/index.php#/courses/BJKt515cS?group=Geography%20(GEOG)&bc=true&bcCurrent=Geography%20(GEOG)&bcItemType=Courses&bc=true&bcCurrent=GEOG405%20-%20Dynamics%20of%20the%20Cryosphere&bcGroup=Geography%20(GEOG)&bcItemType=courses,https://banner.uvic.ca/StudentRegistrationSsb/ssb/classSearch/classSearch?term=202209&txt_subject=GEOG&txt_courseNumber=405
GEOG 406,Sustainable Cities,"Explores the opportunities and challenges of creating ecologically-minded, resilient, healthy, and socially just cities with a practical, community-engaged focus.","Complete 2 of: GEOG 209, GEOG 332, GEOG 340, GEOG 346",,3-0-0,Human,Spring,30,https://www.uvic.ca/calendar/future/undergrad/index.php#/courses/BJgQHB_pm4?group=Geography%20(GEOG)&bc=true&bcCurrent=Geography%20(GEOG)&bcItemType=Courses&bc=true&bcCurrent=GEOG406%20-%20Sustainable%20Cities&bcGroup=Geography%20(GEOG)&bcItemType=courses,https://banner.uvic.ca/StudentRegistrationSsb/ssb/classSearch/classSearch?term=202301&txt_subject=GEOG&txt_courseNumber=406
GEOG 407,Activism and Community-Based Planning,"Investigates participatory approaches to community planning in urban settings. Challenges modernist traditions in planning theory by examining key themes, concepts, and theories that define the study of planning from an activist perspective. Provides students with an opportunity to become actively engaged in their community.","Complete 1 of: GEOG 332, GEOG 340, GEOG 343",,3-0-0,Human,??,,https://www.uvic.ca/calendar/future/undergrad/index.php#/courses/S14rHd6XN?group=Geography%20(GEOG)&bc=true&bcCurrent=Geography%20(GEOG)&bcItemType=Courses&bc=true&bcCurrent=GEOG407%20-%20Activism%20and%20Community-Based%20Planning&bcGroup=Geography%20(GEOG)&bcItemType=courses,
GEOG 409,Personal Space,"Collective exploration of how geographical interests in gender, sexuality and identity intersect with a student's own personal and unique spaces of reflection, action and interaction. Themes may include: Feminist, Lesbian, Gay, Bisexual, Trans, Non-binary, Queer, Two-Spirit and Masculinist discourses as they relate to geographies of social justice; the reciprocal role of space in the creation, loss, and (re)claiming of identities; the body as a site of struggle; and intersectionality with a wide variety of lived experiences.","Minimum fourth-year standing; Credit will be granted for only one of GEOG 409, GEOG 391 (if taken in the same topic), GEOG 491 (if taken in the same topic)",,3-0-0,Human,Spring,25,https://www.uvic.ca/calendar/future/undergrad/index.php#/courses/By8VBnAVL?group=Geography%20(GEOG)&bc=true&bcCurrent=Geography%20(GEOG)&bcItemType=Courses&bc=true&bcCurrent=GEOG409%20-%20Personal%20Space&bcGroup=Geography%20(GEOG)&bcItemType=courses,https://banner.uvic.ca/StudentRegistrationSsb/ssb/classSearch/classSearch?term=202301&txt_subject=GEOG&txt_courseNumber=409
GEOG 411,Community-based Participatory Research,Theory and practice of Community-based Participatory Research (CBPR) with a special focus on addressing community-identified research needs linked to the United Nations Sustainable Development Goals (UN SDG). Familiarizes students with the UN SDGs and explores CBPR as an important mechanism for bridging diverse and co-created knowledges into local action through community partnerships.,"GEOG 227, Or permission of the instructor; Minimum third-year standing; Credit will be granted for only one of GEOG 411, GEOG 491 (if taken in the same topic).",,3-0-0,??,Fall,25,https://www.uvic.ca/calendar/future/undergrad/index.php#/courses/SJbmfM2Ot?group=Geography%20(GEOG)&bc=true&bcCurrent=Geography%20(GEOG)&bcItemType=Courses&bc=true&bcCurrent=GEOG411%20-%20Community-based%20Participatory%20Research&bcGroup=Geography%20(GEOG)&bcItemType=courses,https://banner.uvic.ca/StudentRegistrationSsb/ssb/classSearch/classSearch?term=202209&txt_subject=GEOG&txt_courseNumber=411
GEOG 418,Advanced Spatial Analysis and Geo-statistics,"Explores advanced topics in the numerical analysis of points, lines, areas, and surfaces in discrete and continuous space, drawing on methodologies from geo-statistics, spatial analysis, regional sciences and landscape ecology. Includes coverage of spatial systems modelling and simulation, spatio-temporal analysis, exploratory spatial analysis and spatial data mining.","Complete 1 of: GEOG 328, GEOG 329; GEOG 328 and GEOG 329 recommended prior to GEOG 418; May be offered as a joint undergraduate and graduate class",Lab,2-3-0,Geomatics,Fall,35,https://www.uvic.ca/calendar/future/undergrad/index.php#/courses/SkxBHHupXN?group=Geography%20(GEOG)&bc=true&bcCurrent=Geography%20(GEOG)&bcItemType=Courses&bc=true&bcCurrent=GEOG418%20-%20Advanced%20Spatial%20Analysis%20and%20Geo-statistics&bcGroup=Geography%20(GEOG)&bcItemType=courses,https://banner.uvic.ca/StudentRegistrationSsb/ssb/classSearch/classSearch?term=202209&txt_subject=GEOG&txt_courseNumber=418
GEOG 420,Field Studies in Coastal Geomatics,"An integrated approach for using geomatics (remote sensing, GIS, spatial analysis) for data acquisition, processing and analysis to improve our understanding of marine and coastal areas. Topics focus on applications of geomatics for environmental and social lab work and seminar discussions. Students should be prepared to undertake one or more weekend field trips; a fee for each field trip may be applied.","GEOG 319; Complete 1 of: GEOG 328, GEOG 329; GEOG 252 and one of GEOG 370, GEOG 373, GEOG 376 recommended prior to GEOG 420.",Lab,2-3-0,Geomatics,??,,https://www.uvic.ca/calendar/future/undergrad/index.php#/courses/r1ISrOamV?group=Geography%20(GEOG)&bc=true&bcCurrent=Geography%20(GEOG)&bcItemType=Courses&bc=true&bcCurrent=GEOG420%20-%20Field%20Studies%20in%20Coastal%20Geomatics&bcGroup=Geography%20(GEOG)&bcItemType=courses,
GEOG 422,Advanced Topics in Remote Sensing,"Aspects of remote sensing including processing and classification of digital satellite and airborne data and digital elevation modelling. Emphasis on the processes of interpreting remotely sensed data, the enhancement of digital data for visual analysis and the integration of remotely sensed data with other spatial data.","Complete 1 of: GEOG 319, GEOG 322; GEOG 319 and GEOG 322 recommended prior to GEOG 422.",Lab,2-3-0,Geomatics,Spring,22,https://www.uvic.ca/calendar/future/undergrad/index.php#/courses/BkvHSupmE?group=Geography%20(GEOG)&bc=true&bcCurrent=Geography%20(GEOG)&bcItemType=Courses&bc=true&bcCurrent=GEOG422%20-%20Advanced%20Topics%20in%20Remote%20Sensing&bcGroup=Geography%20(GEOG)&bcItemType=courses,https://banner.uvic.ca/StudentRegistrationSsb/ssb/classSearch/classSearch?term=202301&txt_subject=GEOG&txt_courseNumber=422
GEOG 424,Field Studies in Coastal Geomorphology,"An advanced, field-based exploration of coastal geomorphic processes and landforms. Involves a week-long field trip to local coastal sites where students apply geomorphic concepts and methods towards a series of independent research assignments and/or group projects. Areas of investigation span nearshore to backshore environments and wave, tidal, fluvial/estuarine and aeolian processes. A field trip fee may be applied.",GEOG 376; GEOG 252 recommended prior to GEOG 424; permission of the department; Permission of the department must be acquired by 15 March of previous Winter Session.,,3-0-0,Physical,Spring,24,https://www.uvic.ca/calendar/future/undergrad/index.php#/courses/SylwBr_TmE?group=Geography%20(GEOG)&bc=true&bcCurrent=Geography%20(GEOG)&bcItemType=Courses&bc=true&bcCurrent=GEOG424%20-%20Field%20Studies%20in%20Coastal%20Geomorphology&bcGroup=Geography%20(GEOG)&bcItemType=courses,https://banner.uvic.ca/StudentRegistrationSsb/ssb/classSearch/classSearch?term=202301&txt_subject=GEOG&txt_courseNumber=424
GEOG 428,Advanced Topics in Geographic Information Sciences,"Contemporary research topics in the geographic information sciences. Topic varies annually, but are selected from one of the following: spatial decision support; visualization; business demographics; environmental modeling; or spatial analysis.","Complete 1 of: GEOG 328, GEOG 329; GEOG 328 and GEOG 329 recommended prior to GEOG 428; Credit will be granted for only one of GEOG 428, GEOG 423",Lab,2-3-0,Geomatics,Spring,40,https://www.uvic.ca/calendar/future/undergrad/index.php#/courses/r1KHB_67N?group=Geography%20(GEOG)&bc=true&bcCurrent=Geography%20(GEOG)&bcItemType=Courses&bc=true&bcCurrent=GEOG428%20-%20Advanced%20Topics%20in%20Geographic%20Information%20Sciences&bcGroup=Geography%20(GEOG)&bcItemType=courses,https://banner.uvic.ca/StudentRegistrationSsb/ssb/classSearch/classSearch?term=202301&txt_subject=GEOG&txt_courseNumber=428
GEOG 438,Aquaculture in British Columbia,"Introduction to the aquaculture industry within British Columbia, reviewing the history, culture species, production methods (hatchery through seafood processing), technological innovations, economics, marketing, environmental impacts/management, social issues (including First Nations), and the regulatory framework for this agri-food industry. Includes a field trip to aquaculture sites. Students should be prepared to undertake one or more weekend field trips, or a week-long field trip; a fee for each field trip may be applied.","Complete 1 of: GOEG 304, GEOG 353",,3-0-0,Environment,Spring,25,https://www.uvic.ca/calendar/future/undergrad/index.php#/courses/rkqHr_p7E?group=Geography%20(GEOG)&bc=true&bcCurrent=Geography%20(GEOG)&bcItemType=Courses&bc=true&bcCurrent=GEOG438%20-%20Aquaculture%20in%20British%20Columbia&bcGroup=Geography%20(GEOG)&bcItemType=courses,https://banner.uvic.ca/StudentRegistrationSsb/ssb/classSearch/classSearch?term=202301&txt_subject=GEOG&txt_courseNumber=438
GEOG 450,Environment and Sustainability in Practice,"Examines the decision making theory and real world processes associated with resource management at the policy and field levels. Case studies used to illustrate decision making behaviour, from conflict to co-operation. May include simulation sessions, field trips and field methods review.","Complete 2 of: GEOG 310, GEOG 303, GEOG 304, GEOG 314, GEOG 339, GEOG 353, GEOG 357, GEOG 358, GEOG 371; Credit will be granted for only one of GEOG 450, GEOG 450A",,3-0-0,Environment,Spring,30,https://www.uvic.ca/calendar/future/undergrad/index.php#/courses/BylIrO6QE?group=Geography%20(GEOG)&bc=true&bcCurrent=Geography%20(GEOG)&bcItemType=Courses&bc=true&bcCurrent=GEOG450%20-%20Environment%20and%20Sustainability%20in%20Practice&bcGroup=Geography%20(GEOG)&bcItemType=courses,https://banner.uvic.ca/StudentRegistrationSsb/ssb/classSearch/classSearch?term=202301&txt_subject=GEOG&txt_courseNumber=450
GEOG 453,Field Studies in Coastal and Marine Management,"Integrated coastal management is applied through community-based research. Based on a week-long field camp, discussions, projects and presentations, students gain first-hand experience in both biophysical and socio-economic perspectives of coastal areas. A field trip fee may be applied.",GEOG 353,,3-0-0,Environment,??,,https://www.uvic.ca/calendar/future/undergrad/index.php#/courses/SJ4UrOam4?group=Geography%20(GEOG)&bc=true&bcCurrent=Geography%20(GEOG)&bcItemType=Courses&bc=true&bcCurrent=GEOG453%20-%20Field%20Studies%20in%20Coastal%20and%20Marine%20Management&bcGroup=Geography%20(GEOG)&bcItemType=courses,
GEOG 456,Wildlife Conservation,"An examination of the history of the conservation movement and wildlife management, human dimensions and the value of wildlife, and consequences of over-harvesting, habitat fragmentation, and invasive species for present-day wildlife conservation and, ways forward.","Complete 1 of: BIOL 370, ES 320, GEOG 274, GEOG 304, GEOG 358; Credit will be granted for only one of GEOG 456, GEOG 356; Formerly GEOG 356",,3-0-0,Environment,??,,https://www.uvic.ca/calendar/future/undergrad/index.php#/courses/By88SuTm4?group=Geography%20(GEOG)&bc=true&bcCurrent=Geography%20(GEOG)&bcItemType=Courses&bc=true&bcCurrent=GEOG456%20-%20Wildlife%20Conservation&bcGroup=Geography%20(GEOG)&bcItemType=courses,
GEOG 457,Marine Protected Areas,"An in-depth look at the challenges facing designation and management of marine protected areas in Canada and internationally. Includes topics such as network design, governance, zoning, conflicts, ecotourism and fisheries. Students should be prepared to undertake one or more field trips; a fee for each field trip may be applied.","GEOG 357; GEOG 252 and GEOG 304 recommended prior to GEOG 457; Credit will be granted for only one of GEOG 457, GEOG 455, GEOG 459A, GEOG 459B",,3-0-0,Environment,,,https://www.uvic.ca/calendar/future/undergrad/index.php#/courses/HJLLrdT7N?group=Geography%20(GEOG)&bc=true&bcCurrent=Geography%20(GEOG)&bcItemType=Courses&bc=true&bcCurrent=GEOG457%20-%20Marine%20Protected%20Areas&bcGroup=Geography%20(GEOG)&bcItemType=courses,
GEOG 474,Field Studies in Biogeography,"A field-research course in biogeography based on a combination of reading, discussion, and data analysis. Involves a week-long field trip; a field trip fee may be applied.","GEOG 274; permission of the department; ermission of the department must be acquired by 15 March of previous Winter Session; GEOG 252 and GEOG 303 recommended prior to GEOG 474; Credit will be granted for only one of GEOG 474, GEOG 471A; ",,3-0-0,Environment Physical,??,,https://www.uvic.ca/calendar/future/undergrad/index.php#/courses/HklevBdTm4?group=Geography%20(GEOG)&bc=true&bcCurrent=Geography%20(GEOG)&bcItemType=Courses&bc=true&bcCurrent=GEOG474%20-%20Field%20Studies%20in%20Biogeography&bcGroup=Geography%20(GEOG)&bcItemType=courses,
GEOG 476,Advanced Topics in Geomorphology,"Focusing on various geomorphologic themes, students complete a major research project based on field work to supplement lectures, seminars and field/lab projects.","GEOG 376; Credit granted for only one of GEOG 476, GEOG 471C",,3-0-0,Physical,Fall,25,https://www.uvic.ca/calendar/future/undergrad/index.php#/courses/SkZvSupQV?group=Geography%20(GEOG)&bc=true&bcCurrent=Geography%20(GEOG)&bcItemType=Courses&bc=true&bcCurrent=GEOG476%20-%20Advanced%20Topics%20in%20Geomorphology&bcGroup=Geography%20(GEOG)&bcItemType=courses,https://banner.uvic.ca/StudentRegistrationSsb/ssb/classSearch/classSearch?term=202301&txt_subject=GEOG&txt_courseNumber=476
GEOG 477,Field Studies in Physical Geography,"The nature of scientific research in physical geography is examined through field and laboratory techniques. Includes a week-long field camp where basic approaches, methodologies and techniques are used to prepare a series of reports based on field data and collected samples. A field trip fee may be applied.","Complete 1 of: GEOG 358, GEOG 370, GEOG 373, GEOG 376; permission of the department; Permission of the department must be acquired by 15 March of previous Winter Session; Credit will be granted for only one of GEOG 477, GEOG 471D",,3-0-0,Physical,Fall,12,https://www.uvic.ca/calendar/future/undergrad/index.php#/courses/By-wSupXE?group=Geography%20(GEOG)&bc=true&bcCurrent=Geography%20(GEOG)&bcItemType=Courses&bc=true&bcCurrent=GEOG477%20-%20Field%20Studies%20in%20Physical%20Geography&bcGroup=Geography%20(GEOG)&bcItemType=courses,https://banner.uvic.ca/StudentRegistrationSsb/ssb/classSearch/classSearch?term=202209&txt_subject=GEOG&txt_courseNumber=477
GEOG 484,Advanced Topics in Weather and Climate,Detailed examination of atmospheric structures and processes underlying weather and climate. Practical work focuses on analysis of vertical stability and utilizing computer weather model data.,GEOG 373,,3-0-0,Physical,Spring,16,https://www.uvic.ca/calendar/future/undergrad/index.php#/courses/ry4DHdpX4?group=Geography%20(GEOG)&bc=true&bcCurrent=Geography%20(GEOG)&bcItemType=Courses&bc=true&bcCurrent=GEOG484%20-%20Advanced%20Topics%20in%20Weather%20and%20Climate&bcGroup=Geography%20(GEOG)&bcItemType=courses,https://banner.uvic.ca/StudentRegistrationSsb/ssb/classSearch/classSearch?term=202301&txt_subject=GEOG&txt_courseNumber=484
GEOG 487,Advanced Landscape Ecology,"Explores current theory, concepts, methods and applications of landscape ecology for both natural and managed landscapes. Topics may include relationship of landscape ecology to ecological theory, models of metapopulations, landscape structure and animal movement and predator-prey interactions. Applications including forestry, parks and protected areas and wildlife management. Some years the course is taught as a field course.",GEOG 358,,3-0-0,Environment Physical,Spring,24,https://www.uvic.ca/calendar/future/undergrad/index.php#/courses/ByBPrOTmV?group=Geography%20(GEOG)&bc=true&bcCurrent=Geography%20(GEOG)&bcItemType=Courses&bc=true&bcCurrent=GEOG487%20-%20Advanced%20Landscape%20Ecology&bcGroup=Geography%20(GEOG)&bcItemType=courses,https://banner.uvic.ca/StudentRegistrationSsb/ssb/classSearch/classSearch?term=202301&txt_subject=GEOG&txt_courseNumber=487
GEOG 490,Directed Studies in Geography,"In special cases, with the consent of the department and the individual instructor concerned, a student may be permitted to pursue a course of directed studies.","Complete all of the following: Minimum fourth-year standing, permission of the department; May be taken more than once for credit to a maximum of 3 units; Courses of 1.5 or 3 units may be arranged, but no student is permitted to take more than 3 units of directed studies.",,,Directed Studies,??,,https://www.uvic.ca/calendar/future/undergrad/index.php#/courses/ByIwBOTQV?group=Geography%20(GEOG)&bc=true&bcCurrent=Geography%20(GEOG)&bcItemType=Courses&bc=true&bcCurrent=GEOG490%20-%20Directed%20Studies%20in%20Geography&bcGroup=Geography%20(GEOG)&bcItemType=courses,
GEOG 491,Advanced Topics in Geography: Anti-Racism and Geography,Examination of a specific topic or area in Geography. Topic(s) vary depending on faculty interests and availability. The seminar format of this course requires students to participate orally in class and to submit a term paper.,Minimum third-year standing; additional prerequisites set by department depending upon topic.; May be taken more than once for credit in different topics,,3-0-0,Human,,,https://www.uvic.ca/calendar/future/undergrad/index.php#/courses/H1lLvHdaQV?group=Geography%20(GEOG)&bc=true&bcCurrent=Geography%20(GEOG)&bcItemType=Courses&bc=true&bcCurrent=GEOG491%20-%20Advanced%20Topics%20in%20Geography&bcGroup=Geography%20(GEOG)&bcItemType=courses,
GEOG 491,Advanced Topics in Geography: Community-Based Participatory Research,Examination of a specific topic or area in Geography. Topic(s) vary depending on faculty interests and availability. The seminar format of this course requires students to participate orally in class and to submit a term paper.,Minimum third-year standing; additional prerequisites set by department depending upon topic.; May be taken more than once for credit in different topics,,3-0-0,Human,,,https://www.uvic.ca/calendar/future/undergrad/index.php#/courses/H1lLvHdaQV?group=Geography%20(GEOG)&bc=true&bcCurrent=Geography%20(GEOG)&bcItemType=Courses&bc=true&bcCurrent=GEOG491%20-%20Advanced%20Topics%20in%20Geography&bcGroup=Geography%20(GEOG)&bcItemType=courses,
GEOG 491,Advanced Topics in Geography: Urban Mobility,Examination of a specific topic or area in Geography. Topic(s) vary depending on faculty interests and availability. The seminar format of this course requires students to participate orally in class and to submit a term paper.,Minimum third-year standing; additional prerequisites set by department depending upon topic.; May be taken more than once for credit in different topics,,3-0-0,Human,Fall,24,https://www.uvic.ca/calendar/future/undergrad/index.php#/courses/H1lLvHdaQV?group=Geography%20(GEOG)&bc=true&bcCurrent=Geography%20(GEOG)&bcItemType=Courses&bc=true&bcCurrent=GEOG491%20-%20Advanced%20Topics%20in%20Geography&bcGroup=Geography%20(GEOG)&bcItemType=courses,https://banner.uvic.ca/StudentRegistrationSsb/ssb/classSearch/classSearch?term=202209&txt_subject=GEOG&txt_courseNumber=491
GEOG 491,Advanced Topics in Geography: Reconstructing Quaternary Environmental Change,Examination of a specific topic or area in Geography. Topic(s) vary depending on faculty interests and availability. The seminar format of this course requires students to participate orally in class and to submit a term paper.,Minimum third-year standing; additional prerequisites set by department depending upon topic.; May be taken more than once for credit in different topics,,3-0-0,Environment,Spring,20,https://www.uvic.ca/calendar/future/undergrad/index.php#/courses/H1lLvHdaQV?group=Geography%20(GEOG)&bc=true&bcCurrent=Geography%20(GEOG)&bcItemType=Courses&bc=true&bcCurrent=GEOG491%20-%20Advanced%20Topics%20in%20Geography&bcGroup=Geography%20(GEOG)&bcItemType=courses,https://banner.uvic.ca/StudentRegistrationSsb/ssb/classSearch/classSearch?term=202301&txt_subject=GEOG&txt_courseNumber=491
GEOG 491,Advanced Topics in Geography: Indigenous Environmental Activism,Examination of a specific topic or area in Geography. Topic(s) vary depending on faculty interests and availability. The seminar format of this course requires students to participate orally in class and to submit a term paper.,Minimum third-year standing; additional prerequisites set by department depending upon topic.; May be taken more than once for credit in different topics,,3-0-0,Human,Spring,24,https://www.uvic.ca/calendar/future/undergrad/index.php#/courses/H1lLvHdaQV?group=Geography%20(GEOG)&bc=true&bcCurrent=Geography%20(GEOG)&bcItemType=Courses&bc=true&bcCurrent=GEOG491%20-%20Advanced%20Topics%20in%20Geography&bcGroup=Geography%20(GEOG)&bcItemType=courses,https://banner.uvic.ca/StudentRegistrationSsb/ssb/classSearch/classSearch?term=202301&txt_subject=GEOG&txt_courseNumber=491
GEOG 491,Advanced Topics in Geography: Geographies of Waste,Examination of a specific topic or area in Geography. Topic(s) vary depending on faculty interests and availability. The seminar format of this course requires students to participate orally in class and to submit a term paper.,Minimum third-year standing; additional prerequisites set by department depending upon topic.; May be taken more than once for credit in different topics,,3-0-0,Environment,Fall,30,https://www.uvic.ca/calendar/future/undergrad/index.php#/courses/H1lLvHdaQV?group=Geography%20(GEOG)&bc=true&bcCurrent=Geography%20(GEOG)&bcItemType=Courses&bc=true&bcCurrent=GEOG491%20-%20Advanced%20Topics%20in%20Geography&bcGroup=Geography%20(GEOG)&bcItemType=courses,https://banner.uvic.ca/StudentRegistrationSsb/ssb/classSearch/classSearch?term=202209&txt_subject=GEOG&txt_courseNumber=491
GEOG 499A,Honours Thesis,Students prepare the first part of an honours thesis under the direction of a faculty member from the department.,"Minimum fourth-year standing; declared Honours in Geography; Credit will be granted for only one of GEOG 499A, GEOG 499, GEOG 499B; GEOG 499A and B are ""tied"" courses and must be taken in consecutive terms except with permission of the department. Credit and final grade for GEOG 499B will be assigned only upon completion of both courses; if 499B is not completed, a grade equivalent to N will be assigned to 499A",,3-0-0,Honours,Fall Spring,20,https://www.uvic.ca/calendar/future/undergrad/index.php#/courses/HyDwHupQV?group=Geography%20(GEOG)&bc=true&bcCurrent=Geography%20(GEOG)&bcItemType=Courses&bc=true&bcCurrent=GEOG499A%20-%20Honours%20Thesis&bcGroup=Geography%20(GEOG)&bcItemType=courses,https://banner.uvic.ca/StudentRegistrationSsb/ssb/classSearch/classSearch?term=202301&txt_subject=GEOG&txt_courseNumber=499A
GEOG 499B,Honours Thesis,Students prepare the first part of an honours thesis under the direction of a faculty member from the department.,"Minimum fourth-year standing; declared Honours in Geography; Credit will be granted for only one of GEOG 499A, GEOG 499, GEOG 499B; GEOG 499A and B are ""tied"" courses and must be taken in consecutive terms except with permission of the department. Credit and final grade for GEOG 499B will be assigned only upon completion of both courses; if 499B is not completed, a grade equivalent to N will be assigned to 499A",,3-0-0,Honours,Fall Spring,20,https://www.uvic.ca/calendar/future/undergrad/index.php#/courses/HyDwHupQV?group=Geography%20(GEOG)&bc=true&bcCurrent=Geography%20(GEOG)&bcItemType=Courses&bc=true&bcCurrent=GEOG499A%20-%20Honours%20Thesis&bcGroup=Geography%20(GEOG)&bcItemType=courses,
EOS 120 ,The Dynamic Earth,,,,,Elective,,,,