Key,Tuning,Tune,aka,Parts,Composer,Player,Album,MP3_1,MP3_2,MP3_3,MP3_4,Video_1,Video_2,Video_3,Video_4,Lyrics,Source,Dates,Notes,NeedChangeOnWebsite,pdf,Info,Order,Modal
A,AEAE,Arnold Van Pelt's Tune,,,,,,,,,,https://www.youtube.com/watch?v=MkYJblMmAj8,,,,,Coral,Se 20; Oc 25 2008-2009; 2010:,,,,,1,
A,AEAE,Back in '89,,,,,,,,,,,,,,,Jesse,,,,,,1,
A,AEAC#,Bibb County Hoedown,,,,,,,,,,http://www.youtube.com/watch?v=_bDcIKc6edM,,,,,,24 May 2008-2009; 2010:,,,,,1,
A,AEAE,Big-Eyed Rabbit,,,,,,https://www.slippery-hill.com/recording/big-eyed-rabbit,,,,,,,,,,,,,,,1,
A,AEAE,Big Hoedown,,,,,,https://www.slippery-hill.com/recording/big-hoedown-0,,,,,,,,,Pringle,2009,,,,,1,
A,AEAE,Bill Cheatum,,,,,,,,,,,,,,,,,,,,,1,
A,AEAE,Blind Steer In A Mud Hole,,,,,,,,,,,,,,,,2008-2009; 2010:,,,,,1,
A,AEAE,Boatman,,,,,,,,,,,,,,,,,,,,,1,
A,AEAE,Bob-tailed Mule,Buckin' Dun,,,,,,,,,,,,,,,,,,,,1,
A,AEAE,Booth Shot Lincoln,,,,,,http://sites.google.com/site/spiraloldtime/#A,,,,http://www.youtube.com/watch?gl=GB&hl=en-GB&v=HMqnSNpNgrk,,,,,,,,,,,1,
A,AEAE,Black Jack Grove,,,,,,,,,,http://www.youtube.com/watch?v=BOix0Y5GEIg,,,,,,,,,,,1,
A,AEAE,Breaking Up Christmas,,,,,,http://www.fiddlehangout.com/myhangout/music-search.asp?searchTitle=breakin,,,,,,,,Music/BreakingUpChristmas.txt,,,,,,,1,
A,AEAE,Buckin' Dun,Bob-tailed Mule,,,Rayna Gellert,Starch & Iron,http://itunes.apple.com/us/album/starch-iron/id289843376,,,,http://www.youtube.com/watch?v=AQKWAcDvzgc,,,,,Coral,,,,,,1,
A,AEAE,Bucking Mules,,,,,,,,,,,,,,,,,,,,,1,
A,AEAE,Buffalo Gals,,,,Bruce Molsky,,https://www.slippery-hill.com/recording/buffalo-gals-0,http://stringband.mossyroof.com/#Atunes,,,http://www.youtube.com/watch?gl=GB&hl=en-GB&v=ITJo098mmhI,,,,,,,video in G,,,,1,
A,AEAE,Bull At The Wagon,,,,,,http://www.fiddlehangout.com/myhangout/music.asp?id=85&musicid=104,,,,,,,,,,,,,,,1,
A,AEAE,Bunch of Keys,,,,,,,,,,,,,,,,,,,,,1,
A,AEAE,Cajun Fiddle,,,,,,,,,,,,,,,,,,,,,1,
A,AEAE,Callahan,,,,Bruce Molsky,Poor Man's Troubles,,,,,,,,,,,,,,,,1,
A,AEAE,Callahan's Reel,,,,,,,,,,,,,,,,,,,,,1,
A,AEAE,Candy Girl,,,,,,,,,,http://www.youtube.com/watch?v=I5h3PQNAg7g,https://www.youtube.com/watch?v=N68qOS57Rr4&list=PLJqDg9De7XgK5RHqkOM02kd1cw73_8L9c&index=1,,,,,,,,,,1,
A,GDGD,Chicken & Dumplings ,,B part x3,,,,,,,,http://www.youtube.com/watch?v=7Nj-4Idejoc,,,,,,,,,,,1,
A,AEAE,Chinquapin ,,,,,,http://sites.google.com/site/spiraloldtime/#A,,,,http://www.youtube.com/watch?v=m4C_GEI8ykw,,,,,,,,,,,1,
A,AEAE,Chinquapin Hunting ,,3 pts; crooked,,Bruce Molsky,,http://stringband.mossyroof.com/#Atunes,,,,https://www.youtube.com/watch?v=TYS7xyNW8Mc,,,,,,,,,,,1,
A,AEAE,Cotton-Eyed Joe,,,,,,,,,,http://www.cduniverse.com/search/xx/music/pid/1040686/a/Legacy+Of+Tommy+Jarrell+Vol+1:+Sail+Away+Ladies.htm,,,,,,,,,,,1,
A,AEAE,Creeks All Muddy and the Pond's All Dry ,,,,,,https://www.slippery-hill.com/recording/springs-all-muddy-ponds-all-dry,,,,https://www.youtube.com/watch?v=5q_Pu6jxt0I,,,,,,,,,,,1,
A,AEAE,Cripple Creek,,,,,,,,,,,,,,,,,,,,,1,
A,AEAE,Crow Creek ,,,,,,http://sites.google.com/site/spiraloldtime/#A,,,,https://www.youtube.com/watch?v=KoIsx_dYNaQ,,,,,,,,,,,1,
A,AEAE,Crow Little Rooster ,,,,,,http://stringband.mossyroof.com/#Atunes,,,,,,,,,,,,,,,1,
A,AEAE,Cumberland Gap ,,,,,,http://www.fiddlehangout.com/myhangout/music.asp?id=160&musicid=205,,,,,,,,,,,,,,,1,
A,AEAE,Dinah ,,,,,,http://stringband.mossyroof.com/#Atunes,http://folkmads.org/wp-content/grand-media/audio/Dinah.mp3,,,http://www.youtube.com/watch?gl=GB&hl=en-GB&v=Aj8tUIow4rU,,,,,,,,,,,1,
A,AEAE,Donna's Got A Rambling Mind,,"Pt.A-x3, Pt.B-x4",,Joe Thompson ,,,,,,,,,,,,,,,,,1,
A,AEAE,Dull Chisel,,,,Gary Harrison,,,,,,,,,,,,,,,,,1,
A,AEAE,Dusty Miller ,,,,,,,,,,https://www.youtube.com/watch?v=oQ4mFmJsfE8,,,,,,,,,,,1,
A,AEAE,Fire On The Mountain ,,,,,,http://www.fiddlehangout.com/myhangout/music.asp?id=1439&musicid=723,,,,,,,,,,,,,,,1,
A,AEAE,Georgia Railroad,Peter Went A Fishin',,,,,,,,,https://www.youtube.com/watch?v=1LwBq75V6ww,http://www.youtube.com/watch?v=H0XvtNxvtzs,http://www.youtube.com/watch?v=ZVtNfJ53ymo,,,,,,,,,1,
A,AEAE,Get Up In The Cool  ,,,,,,https://www.slippery-hill.com/recording/get-cool,,,,,,,,,,,,,,,1,
A,AEAE,Girl I Left On Sandy  ,,,,,,,,,,https://www.youtube.com/watch?v=1Nb8o038amQ,,,,,,,,,,,1,
A,AEAE,Going Across The Sea,,,,,,,,,,https://www.youtube.com/watch?v=ebIHOOkzATY,https://www.youtube.com/watch?v=eRkrfiftkN4,,,,,,,,,,1,
A,AEAE,Goodbye Girls I'm Going To Boston,,,,,,,,,,,,,,,,,,,,,1,
A,AEAE,Goodbye Liza Jane ,,,,,,,,,,http://www.youtube.com/watch?v=NDNjhDAsVoc,,,,,,,,,,,1,
A,AEAE,Grandpa's Favorite ,,,,,,https://www.slippery-hill.com/recording/grandads-favorite,,,,,,,,,,,,,,,1,
A,AEAE,Granny,,,,Henry Reed,,http://www.loc.gov/item/afcreed000135/,,,,,,,,,,,,,,,1,
A,AEAE,Great Big Taters In A Sandy Land ,,,,,,https://folkways.si.edu/andy-cahan-laura-fishleder-and-lisa-ornstein/great-big-taters-in-sandy-land/old-time/music/track/smithsonian,,,,https://www.youtube.com/watch?v=ook2ESMeMEQ,,,,,,,,,,,1,
A,AEAE,Green Back Dolly-O,,,,,,,,,,,,,,,,,,,,,1,
A,AEAE,Grey Eagle ,,,,,,,,,,http://www.youtube.com/watch?v=RJGdkByWSVU,http://www.youtube.com/watch?v=rQ2bpFVFmG0&feature=related,,,,,,,,,,1,
A,AEAE,Grey Haired Dancing Girl ,,,,,,,,,,https://www.youtube.com/watch?v=ffGnjzMA2WE,,,,,,,,,,,1,
A,AEAE,Ground Hog ,,,,,,https://www.fiddlehangout.com/myhangout/media-player/audio_player2.asp?musicid=769&archived=,,,,,,,,,,,,,,,1,
A,AEAE,Grub Springs ,,,,,,http://stringband.mossyroof.com/#Atunes,,,,https://www.youtube.com/watch?v=S911Fg31dP8,,,,,,,,,,,1,
A,AEAE,Gunboat ,,,,,,https://www.mne.psu.edu/lamancusa/tunes/wav/gunboat.mp3,,, ,https://www.youtube.com/watch?v=3HuDlFbAqu8,,,,,,,,,,,1,
A,AEAE,Half Past Four,,,,,,,,,,,,,,,,,,,,,1,
A,AEAE,Hangman's Reel ,,4 pts,,,,http://sites.google.com/site/spiraloldtime/#A,,,,http://www.youtube.com/watch?v=ZYZgHpCR9DI,,,,,,,,,,,1,
A,AEAE,Hell Amongst The Round Peakers ,Up Jumped Trouble / Up Jumped The Devil,,,,,https://fieldrecorder.bandcamp.com/track/hell-among-the-round-peakers,,,,,,,,,,,,,,,1,
A,AEAE,Hunting The Buffalo,,,,,,,,,,,,,,,,,,,,,1,
A,AEAE,Ice House,,,Matt Gordon,,,http://folkmads.org/wp-content/grand-media/audio/A_IceHouse.mp3,,,,,,,,,,,,,,,1,
A,AEAE,Ida Red,,,,,,,,,,,,,,,,,,,,,1,
A,AEAE,Indian On A Stump ,,,,,,,,,,https://www.youtube.com/watch?v=DXNn9879nsM,,,,,,,,,,,1,
A,AEAE,Irish Polka ,,,,,,http://stringband.mossyroof.com/#Atunes,,,,,,,,,,,,,,,1,
A,AEAE,Jenny Get Around ,,Crooked,,,,https://soundarchives.berea.edu/files/original/4e29f9ab63eb7bbe075250eca2376a59.mp3,https://soundarchives.berea.edu/files/original/939500caa298e8bad24d07aa219c4465.mp3,,,,,,,,,,,YES YES,https://soundarchives.berea.edu/items/show/5363,https://soundarchives.berea.edu/files/original/939500caa298e8bad24d07aa219c4465.mp3,1,
A,AEAE,Jenny Ran Away In The Mud In The Night ,,,,,,http://stringband.mossyroof.com/#Atunes,,,,,,,,,,,,,,,1,
A,AEAE,Jim Shank ,"Jimmy Shank, Jim Shanks",,,,,https://www.slippery-hill.com/content/jim-shank,,,,https://www.youtube.com/watch?v=4CP6TwJ-nAo,,,,,,,,,,,1,
A,AEAE,John Brown's Dream ,,,,,,https://www.fiddlehangout.com/myhangout/music.asp?id=1796&musicid=1084,,,,https://www.youtube.com/watch?v=4CP6TwJ-nAo,,,,,,,,,,,1,
A,AEAE,Kansas City Reel ,,,,,,,,,,https://www.youtube.com/watch?v=R8jORAPG5jg,,,,,,,,,,,1,
A,AEAE,Ladies In The Center & Three Hands Round,,,,,,,,,,,,,,,,,,,,,1,
A,AEAE,Late For The Dance ,,,,,,https://www.fiddlehangout.com/myhangout/music.asp?id=163&musicid=322,,,,http://www.youtube.com/watch?gl=GB&hl=en-GB&v=4Sw9J7bEWaA,http://www.youtube.com/watch?gl=GB&hl=en-GB&v=2de0h-np0sY,http://www.youtube.com/watch?gl=GB&hl=en-GB&v=TPM5LTlD8ec,,,,,,,,,1,
A,AEAE,L'Ville ,Snake Hunt,,,,,https://sites.google.com/site/spiraloldtime/#A,https://www.parlorpickers.com/home,,,https://www.youtube.com/watch?v=KYkR-XVrHXg,,,,,,,,,,,1,
A,AEAE,Little Billy Wilson ,,,,,,https://sites.google.com/site/spiraloldtime/#A,,,,,,,,,,,,,,,1,
A,AEAE,Little Dutch Girl ,,,,,,https://www.youtube.com/watch?v=tuLfvGwa3fA,,,,,,,,,,,,,,,1,
A,AEAE,Little Girl With Her Hair All Down Behind ,,,,,,https://www.fiddlehangout.com/myhangout/music.asp?id=865&musicid=5673&ie6,,,,,,,,,,,,,,,1,
A,AEAE,Little Rabbit (Where's Your Mammy) ,,5 pts,,,,https://sites.google.com/site/spiraloldtime/#A,,,,,,,,,,,,,,,1,
A,AEAE,Liza Jane,,,,,,,,,,,,,,,,,,,,,1,
A,AEAE,Lonesome John,,,,,,,,,,,,,,,,,,,,,1,
A,AEAE,Lost Indian  ,,,,,,,,,,https://www.youtube.com/watch?v=RnWGL7pWc98,,,,,,,,,,,1,
A,AEAE,Millers' Reel ,,,,,,https://www.fiddlehangout.com/myhangout/music.asp?id=10628&musicid=5457&ie6,,,,,,,,,,,,,,,1,
A,AEAE,Mississippi Sawyer,,,,,,,,,,,,,,,,,,,,,1,
A,AEAE,Mississippi Squaredance,,,,,,,,,,,,,,,,,,,,,1,
A,AEAE,Old Corn Liquor ,,,,,,https://www.banjohangout.org/myhangout/media-player/audio_player2.asp?musicid=35183&archived=true,,,,,,,,,,,,,,,1,
A,AEAE,Old Horse & Buggy-O,,,,,,https://sites.google.com/site/spiraloldtime/#A,https://www.slippery-hill.com/content/horse-and-buggy-o,,,,,,,,,,,,,,1,
A,AEAE,Old Ma Flanagan ,,,,,,https://www.fiddlehangout.com/myhangout/music-search.asp?searchTitle=old+mother+flan&SearchAuthor=&searchDateFrom=&searchDateTo=&searchRateOrder=+%3E+&searchRateValue=&searchPlayOrder=+%3E+&searchPlayValue=&searchGenre=&searchPlaylist=&submit=Search,,,,,,,,,,,,,,,1,
A,AEAE,Old Napper ,,,,,,,,,,https://www.youtube.com/watch?v=TI3hx6H7CpQama,,,,,,,,,,,1,
A,AEAE,Police Man ,,,,,,,,,,,,,,,,,,,,,1,
A,AEAE,Poor Little Thing Cried Mammy ,,3 pts,,,,,,,,,,,,,,,,,,,1,
A,AEAE,Pretty Little Gal,,,,,,,,,,,,,,,,,,,,,1,
A,AEAE,Pretty Little Girl With Her Hair All Down Behind Her,,,,,,,,,,,,,,,,,,,,,1,
A,AEAE,Pretty Little Shoes ,,,,,,http://folkmads.org/wp-content/grand-media/audio/A_PrettyLittleShoes.mp3,,,,,,,,,,,,,,,1,
A,AEAE,Pretty Little Widow,,,,,,,,,,,,,,,,,,,,,1,
A,AEAE,Red Prairie Dawn,,,Garry Harrison,,,,,,,https://www.youtube.com/watch?v=JoAn7gHtC8c,,,,,,,,,,,1,
A,AEAE,Red Steer  ,,,,,,,,,,https://www.youtube.com/watch?v=huWrwTmcyFI,,,,,,,,,,,1,
A,AEAE,Richmond ,,,,,,https://www.fiddlehangout.com/myhangout/music.asp?id=376&musicid=2985&ie6,,,,,,,,,,,,,,,1,
A,AEAE,Road To Malvern,,,"Jim Childress, WVa",,,https://www.mne.psu.edu/lamancusa/tunes.html,,,,https://www.youtube.com/watch?v=ZEN571EuwAY,,,,,,,,,,,1,
A,AEAE,Sail Away Ladies ,,,,,,http://www.fiddlehangout.com/myhangout/music.asp?id=581&musicid=264&ie6fix,http://www.fiddlehangout.com/myhangout/music.asp?id=1516&musicid=890,,,https://www.youtube.com/watch?v=VM6yTNMAh3A,,,,,,,,,,,1,
A,AEAE,Sally Goodin' ,,,,,,,,,,,,,,,,,,,,,1,
A,AEAE,Sandy Boys ,,,,,,http://folkmads.org/music/abq-megaband/tune-library/,https://www.parlorpickers.com/home,,,https://www.youtube.com/watch?v=EgdSxNqm_V0,,,,,,,,,,,1,
A,AEAE,Say Old Man Can I Have Your Daughter ,,,,,,https://adamhurt.bandcamp.com/track/say-old-man-i-want-your-daughter (G),https://www.parlorpickers.com/home (D),http://canote.com/listen-buy/,,,,,,,,,,,,,1,
A,AEAE,Shady Grove,,,,,,,,,,,,,,,,,,,,,1,
A,AEAE,Sugar In The Gourd ,,,,,,http://stringband.mossyroof.com/#Atunes,,,,,,,,,,,,,,,1,
A,AEAE,Sweet Marie ,,Crooked,,,,https://www.banjohangout.org/myhangout/music-search.asp?searchTitle=sweet+marie (G),,,,https://www.youtube.com/watch?v=SpsNW2OjFHU,https://www.youtube.com/watch?v=SpsNW2OjFHU&fmt=18,,,,,,,,,,1,
A,AEAE,Sweet Nell,,,,,,,,,,,,,,,,,,,,,1,
A,AEAE,Sweet Sunny South,,,,,,,,,,,,,,,,,,,,,1,
A,AEAE,Three Thin Dimes ,,,,,,http://folkmads.org/wp-content/grand-media/audio/A_ThreeThinDimes.mp3,,,,,,,,,,,,,,,1,
A,AEAE,Tipping Back The Corn,,,,,,,,,,,,,,,,,,,,,1,
A,AEAE,Train On The Island ,,,,,,http://stringband.mossyroof.com/,,,,https://www.pegheadnation.com/featured-videos/studio/bruce-molsky-train-island/,,,,,,,,,,,1,
A,AEAE,Trouble In Mind,,,,,,,,,,,,,,,,,,,,,1,
A,AEAE,Two Thin Dimes,,,,,,,,,,,,,,,,,,,,,1,
A,AEAE,Up Jumped Trouble ,,,,,,,,,,,,,,,,,,,,,1,
A,AEAE,Walk On John To Kansas,,,,,,,,,,,,,,,,,,,,,1,
A,AEAE,Waterbound ,,,,,,http://folkmads.org/music/abq-megaband/tune-library/,,,,,,,,,,,,,,,1,
A,AEAE,Wolves A Howlin' ,,,,,,,,,,,,,,,,,,,,,1,
A,AEAE,Zach Wheat's Piece,,,,,,,,,,,,,,,,,,,,,1,
D,ADAE,8th Of January,Battle of New Orleans,,,,,http://stringband.mossyroof.com/#Dtunes,,,,,,,,,,,,,,,2,
D,ADAE,Ain't Got No Honey Babe Now ,,,,,,,,,,https://www.youtube.com/watch?v=m8LSlvQchmE,,,,,,,,,,,2,
D,ADAE,Angeline The Baker ,,,,,,http://folkmads.org/music/abq-megaband/tune-library/,,,,,,,,,,,,,,,2,
D,ADAE,Apple Blossom ,,,,,,https://www.fiddlehangout.com/myhangout/music.asp?id=2907&musicid=3572,,,,,,,,,,,,,,,2,
D,ADAE,Arkansas Traveller  ,,,,,,https://www.fiddlehangout.com/myhangout/music.asp?ID=241&musicid=331,,,,,,,,,,,,,,,2,
D,ADAE,Ashokan Farewell ,,,Jay Ungar,,,,,,,https://www.youtube.com/watch?v=2kZASM8OX7s,,,,,,,,,,,2,
D,ADAE,Backstep Cindy  ,,,,,,https://www.slippery-hill.com/content/backstep-cindy,,,,,,,,,,,,,,,2,
D,ADAE,Belles of Lexington ,,,,,,https://www.fiddlehangout.com/myhangout/music.asp?id=9864&musicid=6166&ie6,,,,,,,,,,,,,,,2,
D,ADAE,Big Gray Cat on the Tennessee Farm ,,,,,,,,,,https://www.youtube.com/watch?v=rVfuXVh4ZEQ,,,,,,,,,,,2,
D,ADAE,Big Liza Jane ,,,,,,https://www.parlorpickers.com/home,,,,,,,,,,,,,,,2,
D,ADAE,Black-Eyed Suzie,,,,,,http://stringband.mossyroof.com/,http://www.juneberry78s.com/sounds/Luther%20Strong%20-%20Black-Eyed%20Susie.mp3,,,https://www.youtube.com/watch?v=DLTfwNCRw2w&list=RDkG_LASYxgyc&index=1,,,,,,,,,,,2,
D,ADAE,Black Snake Bit Me On The Toe ,,,,,,https://www.parlorpickers.com/home,,,,,,,,,,,,,,,2,
D,ADAE,Bonaparte Crossing the Rhine ,,,,,,http://stringband.mossyroof.com/#Dtunes,,,,,,,,,,,,,,,2,
D,ADAE,Bonaparte's Retreat ,,,,,,http://stringband.mossyroof.com/,,,,,,,,,,,,,,,2,
D,ADAE,Camp Meeting On the 4th of July ,,,,,,https://www.slippery-hill.com/content/camp-meeting-4th-july,https://www.fiddlehangout.com/myhangout/music.asp?id=7861&musicid=6222&ie6fix=,,,https://www.youtube.com/watch?v=8f7MR_dTOTY,,,,,,,,,,,2,
D,ADAE,Can You Dance A Tobacco Hill,,,,,,,,,,,,,,,,,,,,,2,
D,ADAE,Charleston Gals,,,,,,,,,,,,,,,,,,,,,2,
D,ADAE,Cherokee Shuffle ,,3 pts,,,,https://www.slippery-hill.com/content/cherokee-shuffle-0,,,,,,,,,,,,,,,2,
D,ADAE,Chicken Reel,,,,,,,,,,,,,,,,,,,,,2,
D,ADAE,Chinese Breakdown ,,,,,,https://sites.google.com/site/spiraloldtime/#D,https://adamhurt.bandcamp.com/track/chinese-breakdown,,,,,,,,,,,,,,2,
D,ADAE,Christmas Eve ,,,,,,https://www.slippery-hill.com/content/christmas-eve-1,,,,https://www.youtube.com/watch?v=NdkUA8b0zxM,,,,,,,,,,,2,
D,ADAE,Cider Mill ,,,,,,https://www.fiddlehangout.com/myhangout/music.asp?ID=1837&musicid=2827,,,,https://www.youtube.com/watch?v=Vg830hiHe70,,,,,,,,,,,2,
D,ADAE,Cindy ,Get Along Home Cindy,Crooked,,,,,,,,https://www.youtube.com/watch?gl=GB&hl=en-GB&v=DJoqqj2lL8o,,,,,,,,,,,2,
D,ADAE,Coleman's March,,,,,,,,,,,,,,,,,,,,,2,
D,ADAE,Country Waltz,,,,,,,,,,,,,,,,,,,,,2,
D,ADAE,Cuckoo's Nest,,,,,,,,,,,,,,,,,,,,,2,
D,ADAE,Cumberland Gap ,,,,,,https://www.fiddlehangout.com/myhangout/music.asp?id=160&musicid=205,https://www.slippery-hill.com/content/cumberland-gap-6,,,,,,,,,,,,,,2,
D,ADAE,Debbie's Waltz,,,Graham Townsend,,,,,,,,,,,,,,,,,,2,
D,ADAE,Dry and Dusty ,,,,,,,,,,https://www.youtube.com/watch?v=SSs_WBvbuOA,https://www.youtube.com/watch?v=DHlvVvg-1Ps,,,,,,,,,,2,
D,ADAE,Duck River ,,,,,,https://www.slippery-hill.com/content/duck-river,,,,https://www.youtube.com/watch?v=DHlvVvg-1Ps (@2:22),,,,,,,,,,,2,
D,ADAE,Ducks On The Millpond ,,,,,,https://www.mne.psu.edu/lamancusa/tunes.html,https://sites.google.com/site/spiraloldtime/#D,,,,,,,,,,,,,,2,
D,ADAE,Durang's Hornpipe ,,,,,,https://www.fiddlehangout.com/myhangout/music.asp?id=581&musicid=540&ie6fix,http://folkmads.org/music/abq-megaband/tune-library/,,,,,,,,,,,,,,2,
D,ADAE,Falling Off A Log,,,,,,,,,,,,,,,,,,,,,2,
D,ADAE,Fisher's Hornpipe,,,,,,,,,,,,,,,,,,,,,2,
D,ADAE,Five Miles To/From Town  ,,Crooked,,,,https://www.slippery-hill.com/content/five-miles-town,https://www.parlorpickers.com/home,https://music.apple.com/us/album/starch-iron/289843376,,,,,,,,,,,,,2,
D,ADAE,Foldin' Down The Sheets,,,,,,https://www.fiddlehangout.com/myhangout/music.asp?id=711&musicid=906&ie6fix=1#comments,,,,,,,,,,,,,,,2,
D,ADAE,Fly Around My Pretty Little Miss,"Western Country, Susanna Gal",,,,,http://www.honkingduck.com/mc/releases/fly-around-my-pretty-little-miss-7112986/,,,,https://www.dailymotion.com/video/x42llk,https://www.youtube.com/watch?v=517oWy98puc,,,,,,,,,,2,
D,ADAE,Forky Deer ,Forked Deer,5 pts,,,,,,,,https://www.youtube.com/watch?v=S911Fg31dP8 (@3:00),,,,,,,,,,,2,
D,ADAE,Fortune ,,,,,,https://www.mne.psu.edu/lamancusa/tunes/wav/fortune.mp3,https://adamhurt.bandcamp.com/track/fortune,,,,,,,,,,,,,,2,
D,ADAE,Gilsaw,,,,,,,,,,,,,,,,,,,,,2,
D,ADAE,Give Me Back My Fifteen Cents ,,,,,,,,,,https://www.youtube.com/watch?v=la4pLa8cQFM,,,,,,,,,,,2,
D,ADAE,Going Across The Sea,,,,,,,,,,https://www.youtube.com/watch?v=eRkrfiftkN4,,,,,,,,,,,2,
D,ADAE,Grasshopper Sittin' On A Sweet Potato Vine ,,,,,,http://stringband.mossyroof.com/GrasshopperSittinonaSweetPotatoVine.mp3,,,,,,,,,,,,,,,2,
D,ADAE,Gray Cat On A Tennessee Farm,,,,,,,,,,,,,,,,,,,,,2,
D,ADAE,Green Willis ,,,,,,http://stringband.mossyroof.com/GreenWillis.mp3,https://sites.google.com/site/spiraloldtime/#D,https://www.oldtownschool.org/fiddle/fun/greenwillis7895.mp3,,,,,,,,,,,,,2,
D,ADAE,Grotts ,,,,,,https://www.fiddlehangout.com/myhangout/media-player/audio_player2.asp?musicid=8675&archived=,https://sites.google.com/site/spiraloldtime/#D,,,,,,,,,,,,,,2,
D,ADAE,Hang Me,,,,,,,,,,,,,,,,,,,,,2,
D,ADAE,Hawks & Eagles ,,,,,,,,,,https://www.dailymotion.com/video/x3jg2y#from=embed,,,,,,,,,,,2,
D,ADAE,Idlewood,,,Chirps Smith,,,http://www.hangoutstorage.com/jukebox.asp?site=Banjo+Hangout&URL=http%3A%2F%2Fwww%2Ebanjohangout%2Eorg%2Fmyhangout%2Fmedia%2Dplayer%2Faudio%5Fplayer%2Easp%3Fisjukebox%3Dno%26musicID%3D17929%26archived%3Dtrue,https://sites.google.com/site/spiraloldtime/#D,,,https://www.youtube.com/watch?v=BzKkb4c6_wc,,,,,,,,,,,2,
D,ADAE,Indian Ate A Woodchuck ,,,,,,https://www.fiddlehangout.com/myhangout/music-search.asp?searchTitle=wood+chuck,https://soundarchives.berea.edu/files/original/96eb7db4fbb5630054bc171c86248f76.mp3,,,https://www.youtube.com/watch?v=pJ6jYLJOygg,,,,,,,,,,,2,
D,ADAE,Jack Wilson ,,,,,,http://stringband.mossyroof.com/#Dtunes,https://soundarchives.berea.edu/files/original/6daf78b2058f01b0866a65cf60139e2f.mp3,https://adamhurt.bandcamp.com/track/jack-wilson,,,,,,,,,,,,,2,
D,ADAE,Jaybird,,,,,,,,,,,,,,,,,,,,,2,
D,ADAE,Jimmy Sutton,,,,,,,,,,,,,,,,,,,,,2,
D,ADAE,John Lover's Gone ,,,,,,https://www.banjohangout.org/myhangout/music.asp?id=17403&musicid=12083&ie6fix=1,,,,,,,,,,,,,,,2,
D,ADAE,"Johnny, Don't Come Home Drunk",Johnny Don't Get Drunk,,,,,https://www.fiddlehangout.com/myhangout/music.asp?id=581&musicid=10080&ie6fix,,,,,,,,,,,,,,,2,
D,ADAE,Julianne Johnson ,,,,,,http://stringband.mossyroof.com/#Dtunes,,,,,,,,,,,,,,,2,
D,ADAE,Jump Jim Crow ,,,,,,,,,,https://www.youtube.com/watch?v=ujwe1NTWJ6E,,,,,,,,,,,2,
D,ADAE,Katy Bar The Door ,,,,,,https://music.apple.com/us/album/starch-iron/289843376,,,,,,,,,,,,,,,2,
D,ADAE,Kiowa Special ,,,,,,https://sites.google.com/site/spiraloldtime/#D,,,,https://www.youtube.com/watch?v=NLp50VCQpXw,,,,,,,,,,,2,
D,ADAE,Liberty ,,,,,,http://folkmads.org/music/abq-megaband/tune-library/,,,,,,,,,,,,,,,2,
D,ADAE,Life's Fortune,,,Erynn Marshall - Wedding Waltz for Pharis & Jason Romero,,,,,,,https://www.youtube.com/watch?v=w4nvosP2wR4,,,,,,,,,,,2,
D,ADAE,Little Gal'll Fool Ya ,,5 pts,,,,https://www.parlorpickers.com/home (in A),,,,https://www.youtube.com/watch?v=QYhw-KnDPWc,,,,,,,,,,,2,
D,ADAE,Logan County Blues,,,,,,,,,,,,,,,,,,,,,2,
D,ADAE,Lost Hornpipe,,Crooked Part B,,,,,,,,,,,,,,,,,,,2,
D,ADAE,Lost Indian ,,,,,,https://www.parlorpickers.com/home,,,,,,,,,,,,,,,2,
D,ADAE,Maggots in the Sheepskin,,,Sarah Armsrong,,,,,,,,,,,,,,,,,,2,
D,ADAE,Marmaduke,,,,,,,,,,,,,,,,,,,,,2,
D,ADAE,Martha Campbell ,,,,,,https://archive.org/details/MarthaCampbell,,,,,,,,,,,,,,,2,
D,ADAE,Midnight On The Water,,,Luke Thomasson,,,https://www.slippery-hill.com/content/midnight-water,,,,,,,,,,,,,,,2,
D,ADAE,Mississippi Sawyer ,,,,,,https://zeppmusic.com/MP3/#59,,,,https://www.youtube.com/watch?v=YvAg4Ii505o (A),,,,,,,,,,,2,
D,ADAE,Mole In The Ground,,,,,,,,,,,,,,,,,,,,,2,
D,ADAE,Molly Put The Kettle On  ,,3 pts,,,,https://www.mne.psu.edu/lamancusa/tunes/wav/MollyPutKettleOn.mp3,https://adamhurt.bandcamp.com/track/molly-put-the-kettle-on,,,,,,,,,,,,,,2,
D,ADAE,Nancy ,,,,,,https://zeppmusic.com/MP3/nancy_24tbp.mp3,https://sites.google.com/site/spiraloldtime/#D,,,,,,,,,,,,,,2,
D,ADAE,Needlecase ,,,,,,http://stringband.mossyroof.com/#Dtunes,,,,,,,,,,,,,,,2,
D,ADAE,New Five Cent Piece,,,,,,,,,,,,,,,,,,,,,2,
D,ADAE,Nixon's Farewell,,,Curt Bouterse,,,,,,,https://www.youtube.com/watch?v=LUjuCJEt6CY,,,,,,,,,,,2,
D,ADAE,Old Dubuque ,,,,,,http://folkmads.org/music/abq-megaband/tune-library/,,,,https://www.youtube.com/watch?v=Yal9Utrh2nc,,,,,,,,,,,2,
D,ADAE,Old Jimmy Sutton ,,,,,,,,,,https://www.youtube.com/watch?v=TLx5KI3kpuM,,,,,,,,,,,2,
D,ADAE,Old Missouri ,,,,Chirp Smith Tune,,https://sites.google.com/site/spiraloldtime/#D,,,,https://www.youtube.com/watch?v=iytX37oZoHI,,,,,,,,,,,2,
D,ADAE,Old Molly Hare,,,,,,https://archive.org/details/Joad_Old_Molly_Hare_flac16,,,,,,,,,,,,,,,2,
D,ADAE,Old Mother Logo,,D/G,,,,,,,,https://www.youtube.com/watch?v=ORLgCxQKbVQ,,,,,,,,,,,2,
D,ADAE,Over The Waterfall,,,,,,,,,,,,,,,,,,,,,2,
D,ADAE,Petronella,,,,,,,,,,,,,,,,,,,,,2,
D,ADAE,Pig Ankle Rag,,,,,,,,,,,,,,,,,,,,,2,
D,ADAE,Pole Cat Blues,,,,,,,,,,,,,,,,,,,,,2,
D,ADAE,Polly Put The Kettle On ,,,,,,https://folkways.si.edu/andy-cahan-laura-fishleder-and-lisa-ornstein/polly-put-the-kettle-on/old-time/music/track/smithsonian,,,,,,,,,,,,,,,2,
D,ADAE,Porter's Reel,,,,,,,,,,,,,,,,,,,,,2,
D,ADAE,Possum Up A Gum Stump,,,,,,,,,,,,,,,,,,,,,2,
D,ADAE,Possum's Tail Is Bare,,,,,,,,,,,,,,,,,,,,,2,
D,ADAE,Quince Dillan's High D,,,,,,,,,,,,,,,,,,,,,2,
D,ADAE,Rabbit In The Pea Patch,,,,,,,,,,,,,,,,,,,,,2,
D,ADAE,Ragtime Annie ,,,,,,https://sites.google.com/site/spiraloldtime/#D,,,,,,,,,,,,,,,2,
D,ADAE,Rachel,,,,,,,,,,,,,,,,,,,,,2,
D,ADAE,Red Lick ,,,,,,https://www.slippery-hill.com/content/red-lick,,,,https://www.youtube.com/watch?v=h_FF4y03krs,,,,,,,,,,,2,
D,ADAE,Robinson County,,,,,,,,,,,,,,,,,,,,,2,
D,ADAE,Rochester Schottische ,,,,,,http://stringband.mossyroof.com/#Dtunes,https://www.parlorpickers.com/home,,,https://www.youtube.com/watch?v=GoQ1a2MVhyI,,,,,,,,,,,2,
D,ADAE,Rockingham Cindy ,,Crooked,,,,https://www.slippery-hill.com/content/rockingham-cindy-1,,,,,,,,,,,,,,,2,
D,ADAE,Rock The Cradle Joe ,,,,,,https://zeppmusic.com/MP3/rock_cradle_chalk_mt.mp3,https://sites.google.com/site/spiraloldtime/#D,,,,,,,,,,,,,,2,
D,ADAE,Rocky Mountain Goat,,,,,,,,,,,,,,,,,,,,,2,
D,ADAE,Rose Tree,,,,,,,,,,,,,,,,,,,,,2,
D,ADAE,Sail Away Ladies,,,,,,,,,,,,,,,,,,,,,2,
D,ADAE,Sailing Over England ,,,,,,http://stringband.mossyroof.com/#Dtunes,,,,,,,,,,,,,,,2,
D,ADAE,Sally Ann ,,3 pts,,,,https://sites.google.com/site/spiraloldtime/#D,,,,,,,,,,,,,,,2,
D,ADAE,Sally Johnson ,,,,,,,,,,https://www.youtube.com/watch?v=kv_8OPQfFiY,,,,,,,,,,,2,
D,ADAE,Sal's Got Mud Between Her Toes ,,,,,,https://sites.google.com/site/spiraloldtime/#D,,,,https://www.youtube.com/watch?v=MrUk8tpL7tQ,,,,,,,,,,,2,
D,ADAE,Sarah Armstrong's Tune,,,,,,,,,,,,,,,,,,,,,2,
D,ADAE,Say Darlin' Say,,,,,,,,,,,,,,,,,,,,,2,
D,ADAE,Sharpe's Hornpipe ,,,,,,,,,,,,,,,,,,,,,2,
D,ADAE,Ship In The Clouds ,,,,,,https://www.parlorpickers.com/,,,,https://www.youtube.com/watch?v=PAAD4o0yyaM,,,,,,,,,,,2,
D,ADAE,Shuckin' The Bush,,,,,,,,,,,,,,,,,,,,,2,
D,ADAE,Shuffle About ,,,,,,https://johnandtrish.com/recordings/shuffle-about/,https://sites.google.com/site/spiraloldtime/#D,,,,,,,,,,,,,,2,
D,ADAE,Single Footin' Horse ,,,,,,https://www.slippery-hill.com/content/single-footin-horse,https://sites.google.com/site/spiraloldtime/#D,,,,,,,,,,,,,,2,
D,ADAE,Snake River Reel,,,,,,,,,,,,,,,,,,,,,2,
D,ADAE,Soap Bubbles Over The Fence,Too Young To Marry,,,,,,,,,,,,,,,,,,,,2,
D,ADAE,Soldier's Joy,,,,,,,,,,,,,,,,,,,,,2,
D,ADAE,Spotted Pony ,,,,,,,,,,https://www.youtube.com/watch?v=cMj0DX1ZgmY,,,,,,,,,,,2,
D,ADAE,Spring Creek Gal ,,,,,,https://www.parlorpickers.com/,,,,,,,,,,,,,,,2,
D,ADAE,Springfield,,,Erynn Marshall,,,,,,,,,,,,,,,,,,2,
D,ADAE,St. Anne's Reel,,,,,,,,,,,,,,,,,,,,,2,
D,ADAE,Sugar Hill  ,,,,,,,,,,https://www.youtube.com/watch?v=9Q9LnNyc9ao,https://www.youtube.com/watch?v=WVjuKla9EUQ,,,,,,,,,,2,
D,ADAE,Susanna Gals  , Fly Around My Pretty Little Miss; Western Country,,,,,,,,,https://www.dailymotion.com/video/x42llk,,,,,,,,,,,2,
D,ADAE,Swannanoa Waltz,,,Rayna Gellert,,Ways of the World,,,,,https://www.youtube.com/watch?v=BrNdEIFrIp4,,,,,,,,,,,2,
D,ADAE,Sweet Bundy ,,,,,,https://adamhurt.bandcamp.com/track/sweet-bundy,https://sites.google.com/site/spiraloldtime/#D,,,,,,,,,,,,,,2,
D,ADAE,Tennessee Waltz,,,,,,,,,,,,,,,,,,,,,2,
D,ADAE,The Mayor is a Good Old Boy,,,Hank Bradley,,,https://www.allmusic.com/song/the-mayor-is-good-old-boy-mt0032782187,,,,,,,,,,,,,,,2,
D,ADAE,Too Young To Marry,Soap Bubbles Over The Fence,,,,,https://www.parlorpickers.com/,,,,,,,,,,,,,,,2,
D,ADAE,Trouble In Mind ,,,,,,,,,,,,,,,,,,,,,2,
D,ADAE,Tucker's Barn ,,,,,,,,,,https://www.youtube.com/watch?v=b_7XP12Tn74,,,,,,,,,,,2,
D,ADAE,Twin Sisters ,,,,,,https://www.parlorpickers.com/,https://sites.google.com/site/spiraloldtime/#D,,,,,,,,,,,,,,2,
D,ADAE,Valley Forge,,,,,,,,,,,,,,,,,,,,,2,
D,ADAE,Waitin' For Nancy ,,,,,,https://sites.google.com/site/spiraloldtime/#D,,,,,,,,,,,,,,,2,
D,ADAE,Waiting For The Boatman ,,,,,,https://sites.google.com/site/spiraloldtime/#D,,,,,,,,,,,,,,,2,
D,ADAE,Walking In The Parlour,,,,,,,,,,,,,,,,,,,,,2,
D,ADAE,Washington's March  ,,,,,,,,,,,,,,,,,,,,,2,
D,ADAE,Waterbound ,,,,,,https://www.banjohangout.org/myhangout/music-search.asp?searchTitle=water+bound,,,,,,,,,,,,,,,2,
D,ADAE,We'll Die In The Pig Pen Fighting ,,,,,,https://sites.google.com/site/spiraloldtime/#D,,,,https://www.youtube.com/watch?v=NXPl_EGfzgQ,,,,,,,,,,,2,
D,ADAE,Western Country  ,Fly Around My Pretty Little Miss; Susanna Gal,,,,,,,,,,,,,,,,,,,,2,
D,ADAE,West Fork Gals ,,,,,,https://www.fiddlehangout.com/myhangout/music.asp?id=1796&musicid=1431,,,,,,,,,,,,,,,2,
D,ADAE,Whiskey Before Breakfast,,,,,,,,,,,,,,,,,,,,,2,
D,ADAE,Winder Slide,,,Joe La Rose,,,https://www.banjohangout.org/song/2077,,,,https://www.youtube.com/watch?v=SU8nuAezrkM,https://www.youtube.com/watch?v=c6Z460yfQ5c,https://www.youtube.com/watch?v=piSFb03Bzqs,https://www.youtube.com/watch?v=i6nf1qlIw7I,,,,,,,,2,
D,ADAE,Wood Chopper's Reel,,,,,,,,,,,,,,,,,,,,,2,
D,ADAE,Wooden Nickel ,,,,,,https://www.parlorpickers.com/,,,,,,,,,,,,,,,2,
D,ADAE,Yelling in the Stoats,,,,,,,,,,,,,,,,,,,,,2,
D,ADAE,Yellow Barber,,,,,,https://www.slippery-hill.com/content/yellow-barber,,,,,,,,,,,,,,,2,
G,GDAE,And The Cat Came Back ,,,,,,https://www.fiddlehangout.com/myhangout/music.asp?id=28&musicid=6624&ie6fix=1,,,,https://www.youtube.com/watch?v=TQyPAw-lk9A,https://www.youtube.com/watch?v=RSy5lVtwMhs,,,,,,,,,,3,
G,GDAE,Bacon Rind,,,,,,https://www.slippery-hill.com/content/bacon-rind,,,,,,,,,,,,,,,3,
G,GDAE,Barlow Knife ,,,,,,,,,,,,,,,,,,,,,3,
G,GDAE,Big Footed Man In The Sandy Lot ,,,,,,,,,,https://www.youtube.com/watch?v=XJfOJhg8sfI,,,,,,,,,,,3,
G,GDAE,Big Scioty / Sciota ,,,,,,https://www.parlorpickers.com/,,,,,,,,,,,,,,,3,
G,GDAE,Bitter Creek ,,,,,,https://www.slippery-hill.com/content/bitter-creek-0,,,,,,,,,,,,,,,3,
G,GDAE,Blackberry Blossom ,,,,,,https://www.fiddlehangout.com/myhangout/music.asp?id=28&musicid=7536&ie6fix=1,,,,,,,,,,,,,,,3,
G,GDAE,Blue Goose ,,,Buddy Thomas,,,,,,,https://www.youtube.com/watch?v=FguTd4SY0P4,https://youtu.be/f6kg2bI-eE4,,,,,,,,,,3,
G,GDAE,Bound To Have A Little Fun ,,,,,,http://stringband.mossyroof.com/BoundToHaveALittleFun.mp3,https://sites.google.com/site/spiraloldtime/#G,,,,,,,,,,,,,,3,
G,GDAE,Bostony ,,,,,,https://sites.google.com/site/spiraloldtime/#G,,,,,,,,,,,,,,,3,
G,GDAE,Brushy Run ,,,,,,https://sites.google.com/site/spiraloldtime/#G,https://www.slippery-hill.com/content/brushy-run-0,,,https://www.youtube.com/watch?v=EKA8yTAO7YI,https://www.youtube.com/watch?v=YuIIhhw6GC8,,,,,,,,,,3,
G,GDAE,Bucking Mule ,,,,,,https://www.slippery-hill.com/content/bucking-mule-0,,,,,,,,,,,,,,,3,
G,GDAE,Buffalo Gals,,,,,,https://www.slippery-hill.com/content/buffalo-gals-2,,,,,,,,,,,,,,,3,
G,GDAE,Calhoun's Reel,,,,,,,,,,,,,,,,,,,,,3,
G,GDAE,Charleston Gals ,,,,,,http://www.hangoutstorage.com/jukebox.asp?site=Banjo+Hangout&URL=http%3A%2F%2Fwww%2Ebanjohangout%2Eorg%2Fmyhangout%2Fmedia%2Dplayer%2Faudio%5Fplayer%2Easp%3FmusicID%3D2855,,,,https://www.youtube.com/watch?v=HL89hWAARjo,,,,,,,,,,,3,
G,GDAE,Cherokee Trail,,,John Herrmann,,,,,,,https://www.youtube.com/watch?gl=GB&hl=en-GB&v=T9tCoKZiRxI,,,,,,,,,,,3,
G,GDAE,Coloured Aristocracy ,,,,,,https://sites.google.com/site/spiraloldtime/#G,,,,,,,,,,,,,,,3,
G,GDAE,Cora Dye,,,,,,https://www.oldtownschool.org/fiddle/fun/coradye_27685.mp3,,,,,,,,,,,,,,,3,
G,GDAE,Cowhide Boots,,,,,,https://www.slippery-hill.com/content/cowhide-boots,,,,,,,,,,,,,,,3,
G,GDAE,Cousin Sally Brown ,,,,,,,,,,https://www.youtube.com/watch?v=SR37Cj3oFus,https://www.youtube.com/watch?v=rl6XCQn-Zp4,,,,,,,,,,3,
G,GDAE,Cripple Creek ,,,,,,http://stringband.mossyroof.com/#Gtunes,https://sites.google.com/site/spiraloldtime/#G,,,,,,,,,,,,,,3,
G,GDAE,Crooked Stovepipe,,,,,,,,,,,,,,,,,,,,,3,
G,GDAE,Cumberland Gap ,,,,,,https://www.slippery-hill.com/content/cumberland-gap-3,https://www.slippery-hill.com/content/cumberland-gap-11,https://www.slippery-hill.com/content/old-time-cumberland-gap,,,,,,,,,,,,,3,
G,GDAE,Cuttin' At The Point,,A:D / B:G,,,,https://www.slippery-hill.com/content/cuttin-point,,,,https://www.youtube.com/watch?v=xdhYYaAuD8Y,,,,,,,,,,,3,
G,GDAE,"Danced All Night, With A Bottle In My Hand ",,,,,,,,,,https://www.youtube.com/watch?v=FHIic_z5ZtI,,,,,,,,,,,3,
G,GDAE,Devil Eat The Groundhog,,,,,,,,,,,,,,,,,,,,,3,
G,GDAE,Did You Ever See The Devil Uncle Joe,"Hop High Ladies, Miss McLeod's Reel",,,,,https://sites.google.com/site/spiraloldtime/#G,,,,,,,,,,,,,,,3,
G,GDAE,Dill Pickle Rag,,,Charles Johnson (1907),,,https://www.slippery-hill.com/content/dill-pickle-rag-0,,,,https://www.youtube.com/watch?v=1IiaqF-DYNY,https://www.youtube.com/watch?v=BmqwQ2E-WQ4,,,,,,,,,,3,
G,GDAE,Dixie Hoedown ,,,,,,https://sites.google.com/site/spiraloldtime/#G,,,,,,,,,,,,,,,3,
G,GDAE,Eadle Alley,,,Melvin Wine,Erynn Marshall,,https://www.fiddlehangout.com/myhangout/music.asp?id=280&musicid=5357,https://dla.acaweb.org/digital/collection/berea/id/747/,,,https://www.youtube.com/watch?v=JTEUVl2sUPE,https://www.youtube.com/watch?v=JbZg_ebcwJY,https://soundarchives.berea.edu/items/show/7674,,,,,,,http://www.taterjoes.com/Warehouse/Fiddle/G_EadleAlley.pdf,,3,
G,GDAE,Ebenezer,West Virginia Highway,,,,,http://folkmads.org/music/abq-megaband/tune-library/,,,,,,,,,,,,,,,3,
G,GDAE,Elk River Blues,,,Ernie Carpenter,Erynn Marshall,Calico,https://www.fiddlehangout.com/myhangout/media-player/audio_player2.asp?musicid=10409&archived=,,,,https://www.youtube.com/watch?v=AzrfJws6l_o,,,,,,,,,,,3,
G,GDAE,Feed Your Horse Corn & Hay ,,,,,,https://erynnmarshall.bandcamp.com/track/feed-your-horses-on-corn-hay,https://www.slippery-hill.com/content/feed-my-horse-corn-and-hay,,,,,,,,,,,,,,3,
G,GDAE,Flatwoods ,,,,,,https://www.slippery-hill.com/content/flatwoods-3,https://www.parlorpickers.com/,,,,,,,,,,,,,,3,
G,GDAE,Flop-Eared Mule,,G/D,,,,,,,,,,,,,,,,,,,3,
G,GDAE,Fort Smith Breakdown ,,,,,,http://stringband.mossyroof.com/#Gtunes,,,,,,,,,,,,,,,3,
G,GDAE,Gate To Go Through,,,,,,,,,,,,,,,,,,,,,3,
G,GDAE,Girl I Left Behind Me ,,,,,,,,,,,,,,,,,,,,,3,
G,GDAE,Going Back To Fielden ,,,,,,http://www.stringband.mossyroof.com/#Gtunes,,,,,,,,,,,,,,,3,
G,GDAE,Going To Hamburg ,,,,,,https://sites.google.com/site/spiraloldtime/#G,https://www.parlorpickers.com/,,,,,,,,,,,,,,3,
G,GDAE,Golden Slippers,,,,,,,,,,,,,,,,,,,,,3,
G,GDAE,Greenback Dolly-O,,,,,,https://www.slippery-hill.com/content/greenback-dolly-o,,,,,,,,,,,,,,,3,
G,GDAE,Handsome Molly,,,,,,,,,,,,,,,,,,,,,3,
G,GDAE,Handsome Nell,,,,,,,,,,,,,,,,,,,,,3,
G,GDAE,Hang Me,,,,,,,,,,,,,,,,,,,,,3,
G,GDAE,Hickory,,,,,,,,,,,,,,,,,,,,,3,
G,GDAE,Hog,,,,,,,,,,,,,,,,,,,,,3,
G,GDAE,Hollow Poplar,,,,,,,,,,,,,,,,,,,,,3,
G,GDAE,Hop High Ladies,,,,,,,,,,,,,,,,,,,,,3,
G,GDAE,Hop Scotch Polka ,,,,,,https://sites.google.com/site/spiraloldtime/#G,,,,https://www.youtube.com/watch?v=FuplaMHuEIA,,,,,,,,,,,3,
G,GDAE,Horny Ewe ,,,,,,https://www.slippery-hill.com/content/horny-ewe,,,,,,,,,,,,,,,3,
G,GDAE,Hosses In The Canebreak,,,,,,,,,,,,,,,,,,,,,3,
G,GDAE,Indian Corn,,,,,,,,,,,,,,,,,,,,,3,
G,GDAE,Indian Nation,,,,,,,,,,,,,,,,,,,,,3,
G,GDAE,Indian War Whoop ,,,,,,,,,,https://www.youtube.com/watch?v=q_9gOjT5qxY,,,,,,,,,,,3,
G,GDAE,Irish Waltz ,,,,,,https://sites.google.com/site/spiraloldtime/#G,,,,https://www.youtube.com/watch?v=iW65Byw7M-4,,,,,,,,,,,3,
G,GDAE,Jaybird Died Of The Whooping Cough ,,,,,,http://stringband.mossyroof.com/#Gtunes,,,,,,,,,,,,,,,3,
G,GDAE,Jimmy In The Swamp,,Bpt: Em,,,,https://adamhurt.bandcamp.com/track/jimmy-in-the-swamp,,,,,,,,,,,,,,,3,
G,GDAE,Jimmy Johnson ,,,,,,,,,,https://vimeo.com/15345613,,,,,,,,,,,3,
G,GDAE,Johnny Walk Along With Your Paper Collar On,,G/D,,,,https://www.slippery-hill.com/content/johnny-walk-along-your-paper-collar,,,,https://www.youtube.com/watch?v=Fwu9qxwnIAc,,,,,,,,,http://www.taterjoes.com/Warehouse/Banjo/G_JohnnyWalkAlongWithYourPaperCollarOn.pdf,https://tunearch.org/wiki/Annotation:Walk_along_John_(1),3,
G,GDAE,John Paul Jamieson,John Rawl Jamieson or John Rawls Jamieson,,,,,https://music.apple.com/ca/album/kitty-puss-old-time-fiddle/419533625,https://www.mne.psu.edu/lamancusa/tunes/wav/JohnRawlJamiesonBuddyThomas.mp3,,,,,,,,,,,,https://www.mne.psu.edu/lamancusa/tunes/JohnRawlJamieson.pdf,,3,
G,GDAE,Johnson Girls,,,,,,,,,,,,,,,,,,,,,3,
G,GDAE,Josie-O,,3pts,,,,https://sites.google.com/site/spiraloldtime/#G,https://adamhurt.bandcamp.com/track/josie-o,,,,,,,,,,,,,,3,
G,GDAE,Katy Hill,,,,,,,,,,,,,,,,,,,,,3,
G,GDAE,Ladies On The Steamboat ,,,,,,,,,,,,,,,,,,,,,3,
G,GDAE,La Grande Chaine,,,,,,,,,,,,,,,,,,,,,3,
G,GDAE,Last Chance ,,,,,,http://folkmads.org/wp-content/grand-media/audio/LastChance.mp3,,,,,,,,,,,,,,,3,
G,GDAE,Lazy John ,,,,,,,,,,https://www.youtube.com/watch?v=AZCLPwFZGgY,,,,,,,,,,,3,
G,GDAE,Leather Britches,,,,,,,,,,,,,,,,,,,,,3,
G,GDAE,Little Boy Where Did You Get Your Britches,,,,,,,,,,,,,,,,,,,,,3,
G,GDAE,Liza Jane ,,,,,,https://www.parlorpickers.com/,,,,https://www.youtube.com/watch?v=3oHlykBdPos,,,,,,,,,,,3,
G,GDAE,Lost Boy ,,,,,,https://soundarchives.berea.edu/files/original/8ba2e8a15078f77548b838b292dff828.mp3,,,,,,,,,,,,,,,3,
G,GDAE,Lost Creek,,G/D,,,,,,,,,,,,,,,,,,,3,
G,GDAE,Lost Girl ,,,,,,http://www.juneberry78s.com/sounds/ListenToLutherStrong.htm,https://soundarchives.berea.edu/items/show/4236,,,,,,,,,,,,,,3,
G,GDAE,Magnolia One-Step,,,,,,,,,,https://www.youtube.com/watch?v=wgfpF0QRLMg,,,,,,,,,,,3,
G,GDAE,Magpie,,,,,,,,,,,,,,,,,,,,,3,
G,GDAE,Marmaduke,,,,,,,,,,,,,,,,,,,,,3,
G,GDAE,Millers Reel,,,,,,,,,,,,,,,,,,,,,3,
G,GDAE,Moon Behind The Hill,,,,Melvin Wine,,https://www.slippery-hill.com/content/moon-behind-hill,https://sites.google.com/site/spiraloldtime/#G,,,,,,,,,,,,,,3,
G,GDAE,Muddy Creek ,,,,,,https://soundarchives.berea.edu/files/original/83b233844095d9d2ba79bb363fe904f7.mp3,,,,,,,,,,,,,,,3,
G,GDAE,Muddy Roads,,G/D,,,,https://sites.google.com/site/spiraloldtime/#G,https://folkways.si.edu/gaither-carlton-with-the-watson-family/muddy-roads/old-time/music/track/smithsonian,,,,,,,,,,,,,,3,
G,GDAE,Nail That Catfish To A Tree,,,Steve Rosen,,,https://nailthatcatfish.tripod.com/,,,,,,,,,,,,,,,3,
G,GDAE,Newport Breakdown,,,,,,,,,,,,,,,,,,,,,3,
G,GDAE,No Corn On the Tygart,No Corn On Tygart,,,,,http://www.stringband.mossyroof.com/NoCornOnTygart.mp3,https://www.slippery-hill.com/content/no-corn-tygart-0,,,https://www.youtube.com/watch?v=JJJApfW4t5c,,,,,,,,,https://www.mne.psu.edu/lamancusa/tunes/nocorn.pdf,https://tunearch.org/wiki/Annotation:No_Corn_on_Tygart_(2),3,
G,GDAE,North Carolina Breakdown ,,,,,,https://www.slippery-hill.com/content/north-carolina-breakdown,https://www.slippery-hill.com/content/north-carolina-breakdown,,,,,,,,,,,,,,3,
G,GDAE,Old Aunt Jenny With Her Nightcap On ,,,,,,http://stringband.mossyroof.com/OldAuntJennyWithHerNightCapOn.mp3,,,,https://www.youtube.com/watch?v=vXMiEtyYllk,https://www.youtube.com/watch?v=utHVCkG0XXs,https://www.youtube.com/watch?v=R9_2dnjl1Nc,,,,,,,,,3,
G,GDAE,Old Beech Leaves,,,,,,,,,,,,,,,,,,,,,3,
G,GDAE,Old Billy Hell ,,,,,,https://sites.google.com/site/spiraloldtime/#G,https://www.slippery-hill.com/content/old-billy-hell-0,,,,,,,,,,,,,,3,
G,GDAE,Old Buck,,,,,,,,,,,,,,,,,,,,,3,
G,GDAE,Old Chattanooga ,,,,,,,,,,https://www.youtube.com/watch?v=7VFmYdVDFIQ,,,,,,,,,,,3,
G,GDAE,Old Gray Mare,,,,,,,,,,,,,,,,,,,,,3,
G,GDAE,Old Plantation,The Old Plantation,,,,,https://sites.google.com/site/spiraloldtime/#G,https://www.slippery-hill.com/content/old-plantation,,,https://www.youtube.com/watch?v=4bOm-VZ8qEs,,,,,,,,,,,3,
G,GDAE,Old Sage Friend ,,,,,,,,,,https://www.youtube.com/watch?v=3_XiaHWnpoA,https://www.youtube.com/watch?v=qmHrJI4WsG4,,,,,,,,,,3,
G,GDAE,Old Time Billy In The Low Ground,,,"Gilbert Kelly, Kentucky",,,http://stringband.mossyroof.com/#Gtunes,,,,,,,,,,,,,,,3,
G,GDAE,Old Yeller Dog Came Trotting Through The Meeting House,,,,,,,,,,https://www.youtube.com/watch?v=Q8ZSJRcdnGc,,,,,,,,,,https://tunearch.org/wiki/Annotation:Old_Yeller_Dog,3,
G,GDAE,Ora Lee ,,,,,,,,,,https://www.youtube.com/watch?v=VCTnQrOxuc0,,,,,,,,,,,3,
G,GDAE,Peeler Creek Waltz ,,,,,,https://www.fiddlehangout.com/myhangout/music.asp?id=581&musicid=294&ie6fix,,,,,,,,,,,,,,,3,
G,GDAE,Possum On A Rail  ,,,,,,,,,,https://www.youtube.com/watch?v=D0_KRvYXINc,,,,,,,,,,,3,
G,GDAE,Prettiest Little Girl In The County,Prettiest Little Girl In The County-O,,,,,http://stringband.mossyroof.com/PrettiestLittleGirlInTheCounty.mp3,,,,,,,,,,,,,,,3,
G,GDAE,Pretty Little Bird,,,,,,,,,,,,,,,,,,,,,3,
G,GDAE,Puncheon Floor,,,,,,,,,,,,,,,,,,,,,3,
G,GDAE,Red Wing,,,,,,,,,,,,,,,,,,,,,3,
G,GDAE,Roscoe,,,,,,,,,,,,,,,,,,,,,3,
G,GDAE,Round Town Girls,"Buffalo Gals, Round Town Gals",,,,,https://www.loc.gov/item/afcreed000084/,https://www.slippery-hill.com/content/round-town-girls-0,,,,,,,,,,,,https://www.loc.gov/item/afcreed000030/,,3,
G,GDAE,Roustabout ,,,,,,https://sites.google.com/site/spiraloldtime/#G,,,,,,,,,,,,,,,3,
G,GDAE,Rye Straw,,,,,,,,,,,,,,,,,,,,,3,
G,GDAE,Saddle up the Grey ,,,,,,https://www.slippery-hill.com/content/saddle-grey,https://www.oldtownschool.org/fiddle/fun/saddleupthegrey4032.mp3,,,,,,,,,,,,,,3,
G,GDAE,Sally Johnson ,,,,,,https://sites.google.com/site/spiraloldtime/#G,,,,https://www.youtube.com/watch?v=kWXYg_4gnOI,https://www.youtube.com/watch?v=wQMRskHg-BY,,,,,,,,,,3,
G,GDAE,Sandy River Belle ,,,,,,https://sites.google.com/site/spiraloldtime/#G,https://www.slippery-hill.com/content/sandy-river-belle-0,,,https://www.youtube.com/watch?v=epHN2MQgS0I,,,,,,,,,,,3,
G,GDAE,Seneca Squaredance,Waiting For The Federales,,,,,http://stringband.mossyroof.com/#Gtunes,,,,,,,,,,,,,,,3,
G,GDAE,Sheep & Hogs Walking Thru The Pasture,Hogs and Sheep Goin' to the Pasture,,,,,https://www.slippery-hill.com/content/sheep-and-hogs-walking-through-pasture,,,,https://oldtime-central.com/sheeps-and-hogs-going-to-the-pasture-fiddle-lesson-with-craig-judelman/,https://www.youtube.com/watch?v=7VFmYdVDFIQ,,,,,,,,,https://oldtime-central.com/sheeps-and-hogs-going-to-the-pasture-fiddle-lesson-with-craig-judelman/,3,
G,GDAE,Shoes & Stockings ,,,,,,,,,,https://www.youtube.com/watch?v=Ur2Q8Oxpik8&t=2246s,,,,,,,,,,,3,
G,GDAE,Shoot That Turkey Buzzard,,,,,,,,,,,,,,,,,,,,,3,
G,GDAE,Shove That Pig's Foot A Little Closer To The Fire ,Push that Pig's Foot a Little Further into the Fire,,,,,http://stringband.mossyroof.com/#Gtunes,,,,,,,,,,,,,,,3,
G,GDAE,Skillet Good & Greasy,,,,,,,,,,,,,,,,,,,,,3,
G,GDAE,Someone I Love,,,,,,,,,,,,,,,,,,,,,3,
G,GDAE,Springfield Girl,Springfield Gals,,,,,http://stringband.mossyroof.com/#Gtunes,,,,https://www.youtube.com/watch?v=4OqemQ2Cn4w,,,,,,,,,,,3,
G,GDAE,Stoney Point ,Wild Horses at Stoney Point,4 pts,,,,,,,,https://www.youtube.com/watch?v=cXZty1_QNDQ,,,,,,,,,,,3,
G,GDAE,Streak O' Lean,,,,,,,,,,,,,,,,,,,,,3,
G,GDAE,Stump Tailed Dog ,,,,,,https://sites.google.com/site/spiraloldtime/#G,,,,https://www.youtube.com/watch?v=vMmO2NI2KsU,,,,,,,,,,,3,
G,GDAE,Sugar Babe,,,,,,https://archive.org/details/u2006-07-14.flac16/ue2006-07-14d1t12.flac,,,,,,,,,,,,,,,3,
G,GDAE,Swinging On A Gate,,,,,,,,,,,,,,,,,,,,,3,
G,GDAE,Teabag Blues,,,Hank Bradley,,,,,,,https://www.youtube.com/watch?v=yq-OI1KKaw4,,,,,,,,,,,3,
G,GDAE,Temperance Reel,,,,,,,,,,,,,,,,,,,,,3,
G,GDAE,Tennessee Breakdown,,,,,,,,,,,,,,,,,,,,,3,
G,GDAE,Texas Bob War,Barbed Wire,,,,,,,,,,,,,,,,,,,,3,
G,GDAE,The Darker The Night,,,,Snake Chapman,,,,,,,,,,,,,,,,,3,
G,GDAE,Tom Bigbee Waltz ,,,,,,http://www.hangoutstorage.com/jukebox.asp?site=Fiddle+Hangout&URL=http%3A%2F%2Fwww%2Efiddlehangout%2Ecom%2Fmyhangout%2Fmedia%2Dplayer%2Faudio%5Fplayer%2Easp%3FmusicID%3D5039,https://sites.google.com/site/spiraloldtime/#G,,,,,,,,,,,,,,3,
G,GDAE,Train on the Island,,,,,,,,,,,,,,,,,,,,,3,
G,GDAE,Twinkle Little Star ,,,,,,,,,,https://www.youtube.com/watch?v=Z1-o1jlPHEA,https://www.youtube.com/watch?v=k_yvvPMbEtM,https://www.youtube.com/watch?v=CWS6fXU79wc,,,,,,,,,3,
G,GDAE,Walk Along John,,,,,,,,,,,,,,,,,,,,,3,
G,GDAE,Walking In My Sleep,,,,,,,,,,,,,,,,,,,,,3,
G,GDAE,Waynesboro,,,,,,,,,,,,,,,,,,,,,3,
G,GDAE,Westphalia Waltz,,,,,,,,,,,,,,,,,,,,,3,
G,GDAE,Where's That Preacher With The Rabbi's Wife  ,,,,,,https://archive.org/details/u2006-07-14.flac16,,,,,,,,,,,,,,,3,
G,GDAE,Willow On The Lake  ,,,Rayna Gellert,,,,,,,https://www.youtube.com/watch?v=FQSjoEIvZEE,,,,,,,,,,,3,
G,GDAE,Wink The Other Eye ,,,,,,https://www.slippery-hill.com/content/wink-other-eye,,,,https://www.youtube.com/watch?v=k5XJ_sAhC0c,,,,,,,,,,,3,
G,GDAE,Wolf Creek,,,,,,,,,,,,,,,,,,,,,3,
G,GDAE,Year Of The Jubilo,,,,,,,,,,,,,,,,,,,,,3,
C,GDAE,Altamont ,,,,,,,,,,https://www.youtube.com/watch?v=G6RJ_opoJN4,,,,,,,,,,,4,
C,GDAE,Barndance Polka ,,,,,,https://www.mne.psu.edu/lamancusa/tunes/wav/barndancepolka.mp3,https://www.slippery-hill.com/content/barndance-polka,,,,,,,,,,,,,,4,
C,GDAE,Billy In The Lowground ,,,,,,https://www.slippery-hill.com/content/billy-low-ground-10,https://www.slippery-hill.com/content/billy-low-ground-33,https://www.slippery-hill.com/content/billy-low-ground-32,https://www.slippery-hill.com/search-page?recordings_keywords=billy+in+the+low+ground,,,,,,,,,,,,4,
C,GDAE,Boston Boy ,,,,,,https://www.slippery-hill.com/content/boston-boy,https://sites.google.com/site/spiraloldtime/#C,,,https://www.youtube.com/watch?v=QiTm4YtZju0,,,,,,,,,,,4,
C,GDAE,Chinese Breakdown ,,,,,,https://sites.google.com/site/spiraloldtime/#C,,,,,,,,,,,,,,,4,
C,GDAE,Down In Little Egypt ,,,,,,https://sites.google.com/site/spiraloldtime/#C,,,,https://www.youtube.com/watch?v=HSV1qQGTRRQ,,,,,,,,,,,4,
C,GDAE,East Tennessee Blues ,,,,,,,,,,https://www.youtube.com/watch?v=Vq8rwzPHbdI,,,,,,,,,,,4,
C,GDAE,Farewell To Trion ,,3 pts,,,,https://sites.google.com/site/spiraloldtime/#C,,,,https://www.youtube.com/watch?v=zJQabRQjXEw,,,,,,,,,,,4,
C,GDAE,"Fiddler's Drunk, Fun's All Over ",,,,,,https://sites.google.com/site/spiraloldtime/#C,https://www.slippery-hill.com/content/fiddlers-drunk-and-funs-all-over,,,https://www.youtube.com/watch?v=jpbGCu6ruEA,,,,,,,,,,,4,
C,GDAE,Flat Foot Henry ,,,,,,https://sites.google.com/site/spiraloldtime/#C,,,,https://www.youtube.com/watch?v=Nj-erMwbreM,,,,,,,,,,,4,
C,GDAE,Four Cent Cotton ,,,,,,,,,,https://www.youtube.com/watch?v=daevExXIrZs,,,,,,,,,,,4,
C,GDAE,Lost Girl,,,,,,,,,,,,,,,,,,,,,4,
C,GDAE,Mississippi Breakdown ,,,,,,,,,,https://www.youtube.com/watch?v=Si40yzOm9xw,,,,,,,,,,,4,
C,GDAE,None of Your Business ,,,Noah Beavers,,,https://www.slippery-hill.com/content/none-your-business,,,,,,,,,,,,,,https://tunearch.org/wiki/None_of_Your_Business,4,
C,GDAE,Old Gray Goose ,,,,,,https://www.slippery-hill.com/content/old-grey-goose,,,,,,,,,,,,,,,4,
C,GDAE,Old Joe  ,,,,,,https://sites.google.com/site/spiraloldtime/#C,https://www.parlorpickers.com/,,,,,,,,,,,,,,4,
C,GDAE,Pike Peak,,,,,,,,,,,,,,,,,,,,,4,
C,GDAE,Poor Girls Waltz,,,Andy de Jarlis,,,,,,,https://www.youtube.com/watch?v=0ve1UahbX2E,,,,,,,,,,,4,
C,GDAE,Snowdrop,,,Kirk McGee,,,https://www.banjohangout.org/myhangout/music-search.asp?searchTitle=Snowdrop&strict=true,,,,https://www.youtube.com/watch?v=LcOIrl2vRKA,,,,,,,,,,,4,
C,GDAE,"Streak O' Lean, Streak O' Fat",,,,,,,,,,,,,,,,,,,,,4,
C,GDAE,Tennessee Wagner ,,,,,,https://www.slippery-hill.com/content/tennessee-wagner,,,,,,,,,,,,,,,4,
C,GDAE,Texas Gals ,,,,,,,,,,https://www.youtube.com/watch?v=e2BxUKuXUOs,https://www.youtube.com/watch?v=Pi4TKuBHV-Q,,,,,,,,,,4,
C,GDAE,Tuscaloosa Waltz ,,,,,,https://www.mne.psu.edu/lamancusa/tunes/wav/TuscaloosaWaltz.mp3,,,,,,,,,,,,,,,4,
C,GDAE,Wagoner One-Step,,,,,,https://www.slippery-hill.com/system/files/recordings/WagonerOneStep.mp3,,,,https://www.youtube.com/watch?v=m85M7XOC_9M,,,,,,,,,,,4,
Calico,AEAC#,Crow Creek,,,,,,,,,,,,,,,,,,,,,5,
Calico,AEAC#,"Drunken Hiccups (a.k.a. Jack of Diamonds, Rye Wiskey) ",,,,,,,,,,,,,,,,,,,,,5,
Calico,AEAC#,Grigsby's Hornpipe ,,,,,,,,,,,,,,,,,,,,,5,
Calico,AEAC#,Hangman's Reel / Reel du Pendu ,,,,,,,,,,,,,,,,,,,,,5,
Calico,AEAC#,Happy Hollow,,,,,,,,,,,,,,,,,,,,,5,
Calico,AEAC#,Jack 'O Diamonds,,,,,,,,,,,,,,,,,,,,,5,
Calico,AEAC#,Laughing Boy ,,,,,,,,,,,,,,,,,,,,,5,
Calico,AEAC#,Lost Indian ,,,,,,,,,,,,,,,,,,,,,5,
Calico,AEAC#,The Scolding Wife ,,,,,,,,,,,,,,,,,,,,,5,
Drop-D,DDAD,Bonnaparte's Retreat ,,,,,,,,,,,,,,,,,,,,,6,
Drop-D,DDAD,New Coat of Paint,,,Erynn Marshall,,,,,,,,,,,,,,,,,,6,
Drop-D,DDAD,Trouble On The Mind ,,,,,,,,,,,,,,,,,,,,,6,
GDAD,GDAD,Betty Baker  ,,,,,,,,,,,,,,,,,,,,,6,
GDAD,GDAD,Flatwoods ,,,,,,,,,,,,,,,,,,,,,6,
GDAD,GDAD,Rusty Gun ,,,,,,,,,,,,,,,,,,,,,6,
GDAD,GDAD,Saddle Up The Grey ,,,,,,,,,,,,,,,,,,,,,6,
E Modal,GDAE,Whiteface,,,Joe Thrift,,,,,,,,,,,,,,,,,,7,Modal
A Modal - Dorian,GDAE,28th of January ,,,,,,,,,,,,,,,,,,,,,8,Modal
A Modal - Dorian,GDAE,Big Black Cat,,,,,,,,,,,,,,,,,,,,,8,Modal
A Modal - Dorian,GDAE,Brushy Fork Of John's Creek ,,,,,,,,,,,,,,,,,,,,,8,Modal
A Modal - Dorian,GDAE,Cluck Old Hen ,,,,,,,,,,,,,,,,,,,,,8,Modal
A Modal - Dorian,GDAE,Cold Frosty Morning ,,,,,,,,,,,,,,,,,,,,,8,Modal
A Modal - Dorian,GDAE,Ducks On The Pond ,,,,,,,,,,,,,,,,,,,,,8,Modal
A Modal - Dorian,GDAE,Elzic's Farewell ,,,,,,,,,,,,,,,,,,,,,8,Modal
A Modal - Dorian,GDAE,Greasy Coat ,,,,,,,,,,,,,,,,,,,,,8,Modal
A Modal - Dorian,GDAE,Great High Wind That Blew the Low Post Down ,,,,,,,,,,,,,,,,,,,,,8,Modal
A Modal - Dorian,GDAE,Growling Old Man and Grumbling Old Woman ,,,,,,,,,,,,,,,,,,,,,8,Modal
A Modal - Dorian,GDAE,Hobart's Transformation ,,,,,,,,,,,,,,,,,,,,,8,Modal
A Modal - Dorian,GDAE,Hog Eyed Man ,,,,,,,,,,,,,,,,,,,,,8,Modal
A Modal - Dorian,GDAE,John Riley The Shepherd ,,,,,,,,,,,,,,,,,,,,,8,Modal
A Modal - Dorian,GDAE,June Apple ,,,,,,,,,,,,,,,,,,,,,8,Modal
A Modal - Dorian,GDAE,Kitchen Girl ,,,,,,,,,,,,,,,,,,,,,8,Modal
A Modal - Dorian,GDAE,Lady On The Lake ,,,,,,,,,,,,,,,,,,,,,8,Modal
A Modal - Dorian,GDAE,Little Sadie,,,,,,,,,,,,,,,,,,,,,8,Modal
A Modal - Dorian,GDAE,Possum Up A Persimmon Tree ,,,,,,,,,,,,,,,,,,,,,8,Modal
A Modal - Dorian,GDAE,Pretty Little Cat  ,,,,,,,,,,,,,,,,,,,,,8,Modal
A Modal - Dorian,GDAE,Pretty Little Dog  ,,,,,,,,,,,,,,,,,,,,,8,Modal
A Modal - Dorian,GDAE,Shakin' Down The Acorns ,,,,,,,,,,,,,,,,,,,,,8,Modal
A Modal - Dorian,GDAE,Squirrel Hunter ,,,,,,,,,,,,,,,,,,,,,8,Modal
A Mixolydian,AEAE,Benton's Dream,,,Benton Flippen,,,,,,,,,,,,,,,,,,9,Modal
A Mixolydian,AEAE,Boatin' Up Sandy,,,,,,,,,,,,,,,,,,,,,9,Modal
A Mixolydian,AEAE,Cookhouse Joe ,,,,,,,,,,,,,,,,,,,,,9,Modal
A Mixolydian,AEAE,Double File ,,,,,,,,,,,,,,,,,,,,,9,Modal
A Mixolydian,AEAE,Fine Times At Our House ,,,,,,,,,,,,,,,,,,,,,9,Modal
A Mixolydian,AEAE,"Granny, Does Your Dog Bite? ",,,,,,,,,,,,,,,,,,,,,9,Modal
A Mixolydian,AEAE,Icy Mountain ,,,,,,,,,,,,,,,,,,,,,9,Modal
A Mixolydian,AEAE,Jeff Sturgeon ,,,,,,,,,,,,,,,,,,,,,9,Modal
A Mixolydian,AEAE,Little Doney  ,,,,,,,,,,,,,,,,,,,,,9,Modal
A Mixolydian,AEAE,Lonesome John,,,,,,,,,,,,,,,,,,,,,9,Modal
A Mixolydian,AEAE,Mike In The Wilderness ,,,,,,,,,,,,,,,,,,,,,9,Modal
A Mixolydian,AEAE,Old Bunch Of Keys ,,,,,,,,,,,,,,,,,,,,,9,Modal
A Mixolydian,AEAE,Old Joe Clark ,,,,,,,,,,,,,,,,,,,,,9,Modal
A Mixolydian,AEAE,Rock Andy ,,,,,,,,,,,,,,,,,,,,,9,Modal
A Mixolydian,AEAE,Rocky Road To Dublin ,,,,,,,,,,,,,,,,,,,,,9,Modal
A Mixolydian,AEAE,Salt River ,,,,,,,,,,,,,,,,,,,,,9,Modal
A Mixolydian,AEAE,Shelvin Rock ,,,,,,,,,,,,,,,,,,,,,9,Modal
A Mixolydian,AEAE,Tater Patch ,,,,,,,,,,,,,,,,,,,,,9,Modal
A Mixolydian,AEAE,Texas ,,,,,,,,,,,,,,,,,,,,,9,Modal
A Mixolydian,AEAE,Uncle Jimmy's Cluck Old Hen,,,,,,,,,,,,,,,,,,,,,9,Modal
D Mixolydian,GDAE,Kickin' Up The Devil On A Holiday ,,,,,,,,,,,,,,,,,,,,,10,Modal
D Mixolydian,GDAE,Little Maggie,,,,,,,,,,,,,,,,,,,,,10,Modal
D Mixolydian,GDAE,Roscoe's Gone,,,Hank Bradley,,,,,,,,,,,,,,,,,,10,Modal
D Mixolydian,GDAE,Sadie At The Back Door,,,Jere Canote,,,,,,,,,,,,,,,,,,10,Modal
G Mixolydian,GDAE,Darker The Night,Darker The Night The Better I Can See,,,,,,,,,,,,,,,,,,,,11,Modal
G Mixolydian,GDAE,"Goodbye Girls, I'm Going To Boston ",,,,,,,,,,,,,,,,,,,,,11,Modal
G Mixolydian,GDAE,Jack Of Diamonds ,,,,,,,,,,,,,,,,,,,,,11,Modal
G Mixolydian,GDAE,Pateroller,,,Hobart Smith,,,,,,,,,,,,,,,,,,11,Modal