"Longitude (x)","Latitude (y)","Station Name","Climate ID","Date/Time","Year","Month","Day","Data Quality","Max Temp (°C)","Max Temp Flag","Min Temp (°C)","Min Temp Flag","Mean Temp (°C)","Mean Temp Flag","Heat Deg Days (°C)","Heat Deg Days Flag","Cool Deg Days (°C)","Cool Deg Days Flag","Total Rain (mm)","Total Rain Flag","Total Snow (cm)","Total Snow Flag","Total Precip (mm)","Total Precip Flag","Snow on Grnd (cm)","Snow on Grnd Flag","Dir of Max Gust (10s deg)","Dir of Max Gust Flag","Spd of Max Gust (km/h)","Spd of Max Gust Flag"
"-123.43","48.65","VICTORIA INTL A","1018621","2022-01-01","2022","01","01","","3.5","","-12.4","","-4.5","","22.5","","0.0","","0.0","","0.0","","0.0","","19","","13","","49",""
"-123.43","48.65","VICTORIA INTL A","1018621","2022-01-02","2022","01","02","","7.1","","2.5","","4.8","","13.2","","0.0","","10.2","","0.0","","10.2","","10","","14","","58",""
"-123.43","48.65","VICTORIA INTL A","1018621","2022-01-03","2022","01","03","","5.1","","1.1","","3.1","","14.9","","0.0","","6.4","","0.0","T","6.4","","","","25","","58",""
"-123.43","48.65","VICTORIA INTL A","1018621","2022-01-04","2022","01","04","","5.0","","1.0","","3.0","","15.0","","0.0","","5.0","","0.0","","5.0","","","","21","","44",""
"-123.43","48.65","VICTORIA INTL A","1018621","2022-01-05","2022","01","05","","2.0","","-1.1","","0.5","","17.5","","0.0","","0.0","","7.0","","7.0","","0","T","6","","43",""
"-123.43","48.65","VICTORIA INTL A","1018621","2022-01-06","2022","01","06","","6.9","","-1.2","","2.9","","15.1","","0.0","","14.5","","21.0","","35.5","","26","","5","","48",""
"-123.43","48.65","VICTORIA INTL A","1018621","2022-01-07","2022","01","07","","5.9","","-2.7","","1.6","","16.4","","0.0","","3.9","","0.0","","3.9","","11","","","M","","M"
"-123.43","48.65","VICTORIA INTL A","1018621","2022-01-08","2022","01","08","","","M","","M","","M","","M","","M","0.0","","0.0","T","0.0","T","6","","","M","","M"
"-123.43","48.65","VICTORIA INTL A","1018621","2022-01-09","2022","01","09","","6.9","","-1.3","","2.8","","15.2","","0.0","","0.0","","0.0","","0.0","","4","","","M","","M"
"-123.43","48.65","VICTORIA INTL A","1018621","2022-01-10","2022","01","10","","8.9","","-1.4","","3.8","","14.2","","0.0","","0.8","","0.0","","0.8","","3","","11","","41",""
"-123.43","48.65","VICTORIA INTL A","1018621","2022-01-11","2022","01","11","","9.4","","5.5","","7.5","","10.5","","0.0","","24.4","","0.0","","24.4","","","","19","","48",""
"-123.43","48.65","VICTORIA INTL A","1018621","2022-01-12","2022","01","12","","10.8","","6.5","","8.7","","9.3","","0.0","","13.4","","0.0","","13.4","","","","","M","","M"
"-123.43","48.65","VICTORIA INTL A","1018621","2022-01-13","2022","01","13","","8.9","","5.6","","7.3","","10.7","","0.0","","1.3","","0.0","","1.3","","","","","M","","M"
"-123.43","48.65","VICTORIA INTL A","1018621","2022-01-14","2022","01","14","","","M","","M","","M","","M","","M","0.0","","0.0","","0.0","","","","","M","","M"
"-123.43","48.65","VICTORIA INTL A","1018621","2022-01-15","2022","01","15","","6.5","","4.3","","5.4","","12.6","","0.0","","0.3","","0.0","","0.3","","","","","M","","M"
"-123.43","48.65","VICTORIA INTL A","1018621","2022-01-16","2022","01","16","","6.4","","5.1","","5.8","","12.2","","0.0","","0.0","","0.0","","0.0","","","","","M","","M"
"-123.43","48.65","VICTORIA INTL A","1018621","2022-01-17","2022","01","17","","7.1","","4.6","","5.9","","12.1","","0.0","","2.1","","0.0","","2.1","","","","","M","","M"
"-123.43","48.65","VICTORIA INTL A","1018621","2022-01-18","2022","01","18","","8.2","","5.3","","6.8","","11.2","","0.0","","5.2","","0.0","","5.2","","","","","M","","M"
"-123.43","48.65","VICTORIA INTL A","1018621","2022-01-19","2022","01","19","","8.2","","5.3","","6.8","","11.2","","0.0","","4.4","","0.0","","4.4","","","","","M","","M"
"-123.43","48.65","VICTORIA INTL A","1018621","2022-01-20","2022","01","20","","12.4","","2.9","","7.7","","10.3","","0.0","","5.0","","0.0","","5.0","","","","28","","50",""
"-123.43","48.65","VICTORIA INTL A","1018621","2022-01-21","2022","01","21","","8.1","","1.1","","4.6","","13.4","","0.0","","0.0","","0.0","","0.0","","","","","M","","M"
"-123.43","48.65","VICTORIA INTL A","1018621","2022-01-22","2022","01","22","","8.2","","-0.5","","3.9","","14.1","","0.0","","0.0","","0.0","","0.0","","","","","M","","M"
"-123.43","48.65","VICTORIA INTL A","1018621","2022-01-23","2022","01","23","","3.6","","1.6","","2.6","","15.4","","0.0","","0.0","","0.0","","0.0","","","","","M","","M"
"-123.43","48.65","VICTORIA INTL A","1018621","2022-01-24","2022","01","24","","5.6","","2.1","","3.9","","14.1","","0.0","","0.0","","0.0","","0.0","","","","","M","","M"
"-123.43","48.65","VICTORIA INTL A","1018621","2022-01-25","2022","01","25","","4.4","","1.9","","3.2","","14.8","","0.0","","0.0","","0.0","","0.0","","","","","M","","M"
"-123.43","48.65","VICTORIA INTL A","1018621","2022-01-26","2022","01","26","","5.1","","-1.1","","2.0","","16.0","","0.0","","0.0","","0.0","","0.0","","","","","M","","M"
"-123.43","48.65","VICTORIA INTL A","1018621","2022-01-27","2022","01","27","","7.8","","-0.6","","3.6","","14.4","","0.0","","0.0","","0.0","","0.0","","","","","M","","M"
"-123.43","48.65","VICTORIA INTL A","1018621","2022-01-28","2022","01","28","","4.7","","-2.5","","1.1","","16.9","","0.0","","0.0","","0.0","","0.0","","","","","M","","M"
"-123.43","48.65","VICTORIA INTL A","1018621","2022-01-29","2022","01","29","","6.4","","1.0","","3.7","","14.3","","0.0","","4.2","","0.0","","4.2","","","","","M","","M"
"-123.43","48.65","VICTORIA INTL A","1018621","2022-01-30","2022","01","30","","7.9","","2.3","","5.1","","12.9","","0.0","","4.6","","0.0","","4.6","","","","26","","42",""
"-123.43","48.65","VICTORIA INTL A","1018621","2022-01-31","2022","01","31","","8.9","","-1.5","","3.7","","14.3","","0.0","","0.0","","0.0","","0.0","","","","25","","32",""
"-123.43","48.65","VICTORIA INTL A","1018621","2022-02-01","2022","02","01","","6.0","","-2.2","","1.9","","16.1","","0.0","","0.0","","0.0","","0.0","","","","","M","","M"
"-123.43","48.65","VICTORIA INTL A","1018621","2022-02-02","2022","02","02","","4.7","","-1.9","","1.4","","16.6","","0.0","","0.6","","0.0","","0.6","","","","","M","","M"
"-123.43","48.65","VICTORIA INTL A","1018621","2022-02-03","2022","02","03","","7.3","","3.0","","5.2","","12.8","","0.0","","2.1","","0.0","","2.1","","","","","M","","M"
"-123.43","48.65","VICTORIA INTL A","1018621","2022-02-04","2022","02","04","","11.3","","5.1","","8.2","","9.8","","0.0","","0.3","","0.0","","0.3","","","","29","","41",""
"-123.43","48.65","VICTORIA INTL A","1018621","2022-02-05","2022","02","05","","8.2","","1.2","","4.7","","13.3","","0.0","","0.0","","0.0","","0.0","","","","","M","","M"
"-123.43","48.65","VICTORIA INTL A","1018621","2022-02-06","2022","02","06","","9.5","","0.6","","5.1","","12.9","","0.0","","0.0","","0.0","","0.0","","","","","M","","M"
"-123.43","48.65","VICTORIA INTL A","1018621","2022-02-07","2022","02","07","","11.6","","0.2","","5.9","","12.1","","0.0","","0.0","","0.0","","0.0","","","","17","","47",""
"-123.43","48.65","VICTORIA INTL A","1018621","2022-02-08","2022","02","08","","8.8","","0.2","","4.5","","13.5","","0.0","","1.0","","0.0","","1.0","","","","18","","34",""
"-123.43","48.65","VICTORIA INTL A","1018621","2022-02-09","2022","02","09","","8.8","","5.9","","7.4","","10.6","","0.0","","0.2","","0.0","","0.2","","","","","M","","M"
"-123.43","48.65","VICTORIA INTL A","1018621","2022-02-10","2022","02","10","","8.9","","2.7","","5.8","","12.2","","0.0","","0.0","T","0.0","","0.0","T","","","","M","","M"
"-123.43","48.65","VICTORIA INTL A","1018621","2022-02-11","2022","02","11","","11.5","","3.4","","7.5","","10.5","","0.0","","0.0","","0.0","","0.0","","","","","M","","M"
"-123.43","48.65","VICTORIA INTL A","1018621","2022-02-12","2022","02","12","","","M","","M","","M","","M","","M","0.0","","0.0","","0.0","","","","","M","","M"
"-123.43","48.65","VICTORIA INTL A","1018621","2022-02-13","2022","02","13","","10.1","","-1.6","","4.3","","13.7","","0.0","","0.0","","0.0","","0.0","","","","","M","","M"
"-123.43","48.65","VICTORIA INTL A","1018621","2022-02-14","2022","02","14","","10.9","","1.3","","6.1","","11.9","","0.0","","0.4","","0.0","","0.4","","","","","M","","M"
"-123.43","48.65","VICTORIA INTL A","1018621","2022-02-15","2022","02","15","","9.8","","0.2","","5.0","","13.0","","0.0","","0.0","","0.0","","0.0","","","","","M","","M"
"-123.43","48.65","VICTORIA INTL A","1018621","2022-02-16","2022","02","16","","10.0","","-0.7","","4.7","","13.3","","0.0","","0.0","","0.0","","0.0","","","","","M","","M"
"-123.43","48.65","VICTORIA INTL A","1018621","2022-02-17","2022","02","17","","11.2","","0.0","","5.6","","12.4","","0.0","","0.0","","0.0","","0.0","","","","","M","","M"
"-123.43","48.65","VICTORIA INTL A","1018621","2022-02-18","2022","02","18","","9.3","","0.9","","5.1","","12.9","","0.0","","0.0","","0.0","","0.0","","","","","M","","M"
"-123.43","48.65","VICTORIA INTL A","1018621","2022-02-19","2022","02","19","","11.6","","0.7","","6.2","","11.8","","0.0","","0.0","","0.0","","0.0","","","","22","","48",""
"-123.43","48.65","VICTORIA INTL A","1018621","2022-02-20","2022","02","20","","8.8","","0.4","","4.6","","13.4","","0.0","","0.0","T","0.0","","0.0","T","","","","M","","M"
"-123.43","48.65","VICTORIA INTL A","1018621","2022-02-21","2022","02","21","","6.3","","-0.1","","3.1","","14.9","","0.0","","4.2","","0.0","T","4.2","","","","5","","50",""
"-123.43","48.65","VICTORIA INTL A","1018621","2022-02-22","2022","02","22","","1.8","","-2.2","","-0.2","","18.2","","0.0","","0.0","","0.0","","0.0","","","","4","","55",""
"-123.43","48.65","VICTORIA INTL A","1018621","2022-02-23","2022","02","23","","3.0","","-6.0","","-1.5","","19.5","","0.0","","0.0","","0.0","","0.0","","","","6","","52",""
"-123.43","48.65","VICTORIA INTL A","1018621","2022-02-24","2022","02","24","","4.3","","-2.5","","0.9","","17.1","","0.0","","0.0","","1.0","","2.8","","1","","","M","","M"
"-123.43","48.65","VICTORIA INTL A","1018621","2022-02-25","2022","02","25","","5.8","","-4.8","","0.5","","17.5","","0.0","","0.0","","0.0","","0.0","","","","","M","","M"
"-123.43","48.65","VICTORIA INTL A","1018621","2022-02-26","2022","02","26","","6.5","","-2.6","","2.0","","16.0","","0.0","","6.8","","0.0","","6.8","","","","13","","51",""
"-123.43","48.65","VICTORIA INTL A","1018621","2022-02-27","2022","02","27","","12.4","","5.4","","8.9","","9.1","","0.0","","17.6","","0.0","","17.6","","","","15","","46",""
"-123.43","48.65","VICTORIA INTL A","1018621","2022-02-28","2022","02","28","","9.3","","7.1","","8.2","","9.8","","0.0","","28.5","","0.0","","28.5","","","","14","","41",""
"-123.43","48.65","VICTORIA INTL A","1018621","2022-03-01","2022","03","01","","11.7","","6.7","","9.2","","8.8","","0.0","","1.1","","0.0","","1.1","","","","14","","36",""
"-123.43","48.65","VICTORIA INTL A","1018621","2022-03-02","2022","03","02","","9.4","","4.1","","6.8","","11.2","","0.0","","6.1","","0.0","","6.1","","","","","M","","M"
"-123.43","48.65","VICTORIA INTL A","1018621","2022-03-03","2022","03","03","","10.1","","2.2","","6.2","","11.8","","0.0","","0.0","","0.0","","0.0","","","","","M","","M"
"-123.43","48.65","VICTORIA INTL A","1018621","2022-03-04","2022","03","04","","11.9","","2.0","","7.0","","11.0","","0.0","","0.0","T","0.0","","0.0","T","","","","M","","M"
"-123.43","48.65","VICTORIA INTL A","1018621","2022-03-05","2022","03","05","","11.2","","1.1","","6.2","","11.8","","0.0","","0.0","","0.0","","0.0","","","","","M","","M"
"-123.43","48.65","VICTORIA INTL A","1018621","2022-03-06","2022","03","06","","10.7","","0.7","","5.7","","12.3","","0.0","","0.0","","0.0","","0.0","","","","","M","","M"
"-123.43","48.65","VICTORIA INTL A","1018621","2022-03-07","2022","03","07","","10.2","","1.6","","5.9","","12.1","","0.0","","0.0","","0.0","","0.0","","","","15","","33",""
"-123.43","48.65","VICTORIA INTL A","1018621","2022-03-08","2022","03","08","","10.8","","3.8","","7.3","","10.7","","0.0","","0.2","","0.0","","0.2","","","","","M","","M"
"-123.43","48.65","VICTORIA INTL A","1018621","2022-03-09","2022","03","09","","7.8","","-1.6","","3.1","","14.9","","0.0","","0.0","T","0.0","","0.0","T","","","6","","52",""
"-123.43","48.65","VICTORIA INTL A","1018621","2022-03-10","2022","03","10","","7.0","","-2.9","","2.1","","15.9","","0.0","","0.0","T","0.0","","0.0","T","","","","M","","M"
"-123.43","48.65","VICTORIA INTL A","1018621","2022-03-11","2022","03","11","","7.0","","2.9","","5.0","","13.0","","0.0","","2.0","","0.0","","2.0","","","","","M","","M"
"-123.43","48.65","VICTORIA INTL A","1018621","2022-03-12","2022","03","12","","7.9","","4.3","","6.1","","11.9","","0.0","","2.6","","0.0","","2.6","","","","","M","","M"
"-123.43","48.65","VICTORIA INTL A","1018621","2022-03-13","2022","03","13","","11.0","","6.2","","8.6","","9.4","","0.0","","0.0","T","0.0","","0.0","T","","","22","","39",""
"-123.43","48.65","VICTORIA INTL A","1018621","2022-03-14","2022","03","14","","9.0","","6.5","","7.8","","10.2","","0.0","","18.2","","0.0","","18.2","","","","14","","42",""
"-123.43","48.65","VICTORIA INTL A","1018621","2022-03-15","2022","03","15","","11.1","","5.3","","8.2","","9.8","","0.0","","0.6","","0.0","","0.6","","","","22","","47",""
"-123.43","48.65","VICTORIA INTL A","1018621","2022-03-16","2022","03","16","","10.0","","1.8","","5.9","","12.1","","0.0","","0.0","T","0.0","","0.0","T","","","14","","32",""
"-123.43","48.65","VICTORIA INTL A","1018621","2022-03-17","2022","03","17","","8.0","","5.0","","6.5","","11.5","","0.0","","16.7","","0.0","","16.7","","","","","M","","M"
"-123.43","48.65","VICTORIA INTL A","1018621","2022-03-18","2022","03","18","","10.0","","6.4","","8.2","","9.8","","0.0","","0.6","","0.0","","0.6","","","","","M","","M"
"-123.43","48.65","VICTORIA INTL A","1018621","2022-03-19","2022","03","19","","11.4","","3.8","","7.6","","10.4","","0.0","","1.2","","0.0","","1.2","","","","29","","56",""
"-123.43","48.65","VICTORIA INTL A","1018621","2022-03-20","2022","03","20","","7.9","","2.5","","5.2","","12.8","","0.0","","0.8","","0.0","","0.8","","","","15","","38",""
"-123.43","48.65","VICTORIA INTL A","1018621","2022-03-21","2022","03","21","","7.5","","5.9","","6.7","","11.3","","0.0","","10.7","","0.0","","10.7","","","","14","","39",""
"-123.43","48.65","VICTORIA INTL A","1018621","2022-03-22","2022","03","22","","10.3","","6.7","","8.5","","9.5","","0.0","","6.7","","0.0","","6.7","","","","","M","","M"
"-123.43","48.65","VICTORIA INTL A","1018621","2022-03-23","2022","03","23","","15.6","","4.3","","10.0","","8.0","","0.0","","0.3","","0.0","","0.3","","","","23","","35",""
"-123.43","48.65","VICTORIA INTL A","1018621","2022-03-24","2022","03","24","","11.6","","1.7","","6.7","","11.3","","0.0","","0.0","","0.0","","0.0","","","","","M","","M"
"-123.43","48.65","VICTORIA INTL A","1018621","2022-03-25","2022","03","25","","11.7","","4.0","","7.9","","10.1","","0.0","","0.0","T","0.0","","0.0","T","","","","M","","M"
"-123.43","48.65","VICTORIA INTL A","1018621","2022-03-26","2022","03","26","","11.8","","6.5","","9.2","","8.8","","0.0","","5.6","","0.0","","5.6","","","","","M","","M"
"-123.43","48.65","VICTORIA INTL A","1018621","2022-03-27","2022","03","27","","13.3","","7.7","","10.5","","7.5","","0.0","","0.6","","0.0","","0.6","","","","","M","","M"
"-123.43","48.65","VICTORIA INTL A","1018621","2022-03-28","2022","03","28","","13.2","","5.6","","9.4","","8.6","","0.0","","4.5","","0.0","","4.5","","","","","M","","M"
"-123.43","48.65","VICTORIA INTL A","1018621","2022-03-29","2022","03","29","","12.8","","4.3","","8.6","","9.4","","0.0","","0.0","","0.0","","0.0","","","","13","","33",""
"-123.43","48.65","VICTORIA INTL A","1018621","2022-03-30","2022","03","30","","13.1","","3.9","","8.5","","9.5","","0.0","","0.3","","0.0","","0.3","","","","25","","45",""
"-123.43","48.65","VICTORIA INTL A","1018621","2022-03-31","2022","03","31","","11.9","","2.3","","7.1","","10.9","","0.0","","0.0","","0.0","","0.0","","","","","M","","M"
"-123.43","48.65","VICTORIA INTL A","1018621","2022-04-01","2022","04","01","","9.0","","2.4","","5.7","","12.3","","0.0","","0.0","T","0.0","","0.0","T","","","15","","31",""
"-123.43","48.65","VICTORIA INTL A","1018621","2022-04-02","2022","04","02","","11.5","","4.4","","8.0","","10.0","","0.0","","0.0","","0.0","","0.0","","","","24","","42",""
"-123.43","48.65","VICTORIA INTL A","1018621","2022-04-03","2022","04","03","","9.2","","6.7","","8.0","","10.0","","0.0","","13.7","","0.0","","13.7","","","","15","","39",""
"-123.43","48.65","VICTORIA INTL A","1018621","2022-04-04","2022","04","04","","9.8","","4.8","","7.3","","10.7","","0.0","","20.4","","0.0","","20.4","","","","24","","74",""
"-123.43","48.65","VICTORIA INTL A","1018621","2022-04-05","2022","04","05","","12.8","","4.7","","8.8","","9.2","","0.0","","0.6","","0.0","","0.6","","","","20","","53",""
"-123.43","48.65","VICTORIA INTL A","1018621","2022-04-06","2022","04","06","","11.5","","0.7","","6.1","","11.9","","0.0","","0.0","","0.0","","0.0","","","","","M","","M"
"-123.43","48.65","VICTORIA INTL A","1018621","2022-04-07","2022","04","07","","16.5","","4.0","","10.3","","7.7","","0.0","","0.0","","0.0","","0.0","","","","","M","","M"
"-123.43","48.65","VICTORIA INTL A","1018621","2022-04-08","2022","04","08","","12.8","","5.9","","9.4","","8.6","","0.0","","1.4","","0.0","","1.4","","","","22","","61",""
"-123.43","48.65","VICTORIA INTL A","1018621","2022-04-09","2022","04","09","","10.7","","2.4","","6.6","","11.4","","0.0","","3.0","","0.0","","3.0","","","","23","","36",""
"-123.43","48.65","VICTORIA INTL A","1018621","2022-04-10","2022","04","10","","7.0","","0.7","","3.9","","14.1","","0.0","","18.0","","0.0","T","18.0","","","","","M","","M"
"-123.43","48.65","VICTORIA INTL A","1018621","2022-04-11","2022","04","11","","12.8","","2.2","","7.5","","10.5","","0.0","","0.8","","0.0","","0.8","","","","31","","44",""
"-123.43","48.65","VICTORIA INTL A","1018621","2022-04-12","2022","04","12","","8.3","","1.0","","4.7","","13.3","","0.0","","5.6","","0.0","T","5.6","","","","13","","54",""
"-123.43","48.65","VICTORIA INTL A","1018621","2022-04-13","2022","04","13","","9.1","","2.4","","5.8","","12.2","","0.0","","0.6","","0.0","","0.6","","","","17","","35",""
"-123.43","48.65","VICTORIA INTL A","1018621","2022-04-14","2022","04","14","","11.2","","1.3","","6.3","","11.7","","0.0","","0.0","","0.0","","0.0","","","","","M","","M"
"-123.43","48.65","VICTORIA INTL A","1018621","2022-04-15","2022","04","15","","10.1","","-0.3","","4.9","","13.1","","0.0","","0.0","","0.0","","0.0","","","","15","","31",""
"-123.43","48.65","VICTORIA INTL A","1018621","2022-04-16","2022","04","16","","10.4","","1.4","","5.9","","12.1","","0.0","","0.0","T","0.0","","0.0","T","","","24","","32",""
"-123.43","48.65","VICTORIA INTL A","1018621","2022-04-17","2022","04","17","","10.9","","-1.7","","4.6","","13.4","","0.0","","0.0","","0.0","","0.0","","","","14","","31",""
"-123.43","48.65","VICTORIA INTL A","1018621","2022-04-18","2022","04","18","","10.8","","6.3","","8.6","","9.4","","0.0","","1.2","","0.0","","1.2","","","","13","","57",""
"-123.43","48.65","VICTORIA INTL A","1018621","2022-04-19","2022","04","19","","10.5","","2.7","","6.6","","11.4","","0.0","","1.0","","0.0","","1.0","","","","22","","42",""
"-123.43","48.65","VICTORIA INTL A","1018621","2022-04-20","2022","04","20","","","M","","M","","M","","M","","M","","M","","M","","M","","","9","","43",""
"-123.43","48.65","VICTORIA INTL A","1018621","2022-04-21","2022","04","21","","13.1","","1.9","","7.5","","10.5","","0.0","","2.4","","0.0","","2.4","","","","","M","","M"
"-123.43","48.65","VICTORIA INTL A","1018621","2022-04-22","2022","04","22","","13.5","","5.7","","9.6","","8.4","","0.0","","0.2","","0.0","","0.2","","","","","M","","M"
"-123.43","48.65","VICTORIA INTL A","1018621","2022-04-23","2022","04","23","","12.7","","3.0","","7.9","","10.1","","0.0","","0.0","","0.0","","0.0","","","","13","","36",""
"-123.43","48.65","VICTORIA INTL A","1018621","2022-04-24","2022","04","24","","15.4","","2.8","","9.1","","8.9","","0.0","","2.9","","0.0","","2.9","","","","25","","34",""
"-123.43","48.65","VICTORIA INTL A","1018621","2022-04-25","2022","04","25","","13.3","","6.4","","9.9","","8.1","","0.0","","2.7","","0.0","","2.7","","","","23","","50",""
"-123.43","48.65","VICTORIA INTL A","1018621","2022-04-26","2022","04","26","","12.2","","1.7","","7.0","","11.0","","0.0","","0.2","","0.0","","0.2","","","","24","","45",""
"-123.43","48.65","VICTORIA INTL A","1018621","2022-04-27","2022","04","27","","11.9","","2.8","","7.4","","10.6","","0.0","","1.8","","0.0","","1.8","","","","29","","34",""
"-123.43","48.65","VICTORIA INTL A","1018621","2022-04-28","2022","04","28","","11.9","","3.7","","7.8","","10.2","","0.0","","0.0","","0.0","","0.0","","","","","M","","M"
"-123.43","48.65","VICTORIA INTL A","1018621","2022-04-29","2022","04","29","","13.5","","2.3","","7.9","","10.1","","0.0","","0.6","","0.0","","0.6","","","","13","","37",""
"-123.43","48.65","VICTORIA INTL A","1018621","2022-04-30","2022","04","30","","13.4","","6.1","","9.8","","8.2","","0.0","","14.5","","0.0","","14.5","","","","","M","","M"
"-123.43","48.65","VICTORIA INTL A","1018621","2022-05-01","2022","05","01","","13.8","","3.4","","8.6","","9.4","","0.0","","0.0","","0.0","","0.0","","","","13","","32",""
"-123.43","48.65","VICTORIA INTL A","1018621","2022-05-02","2022","05","02","","12.3","","8.0","","10.2","","7.8","","0.0","","1.6","","0.0","","1.6","","","","24","","32",""
"-123.43","48.65","VICTORIA INTL A","1018621","2022-05-03","2022","05","03","","13.7","","7.7","","10.7","","7.3","","0.0","","1.1","","0.0","","1.1","","","","27","","36",""
"-123.43","48.65","VICTORIA INTL A","1018621","2022-05-04","2022","05","04","","12.8","","6.7","","9.8","","8.2","","0.0","","1.1","","0.0","","1.1","","","","","M","","M"
"-123.43","48.65","VICTORIA INTL A","1018621","2022-05-05","2022","05","05","","9.4","","7.5","","8.5","","9.5","","0.0","","7.6","","0.0","","7.6","","","","23","","37",""
"-123.43","48.65","VICTORIA INTL A","1018621","2022-05-06","2022","05","06","","12.5","","5.6","","9.1","","8.9","","0.0","","0.0","","0.0","","0.0","","","","22","","36",""
"-123.43","48.65","VICTORIA INTL A","1018621","2022-05-07","2022","05","07","","13.6","","3.5","","8.6","","9.4","","0.0","","0.0","","0.0","","0.0","","","","24","","51",""
"-123.43","48.65","VICTORIA INTL A","1018621","2022-05-08","2022","05","08","","12.3","","1.9","","7.1","","10.9","","0.0","","0.0","","0.0","","0.0","","","","","M","","M"
"-123.43","48.65","VICTORIA INTL A","1018621","2022-05-09","2022","05","09","","13.9","","4.3","","9.1","","8.9","","0.0","","0.7","","0.0","","0.7","","","","23","","31",""
"-123.43","48.65","VICTORIA INTL A","1018621","2022-05-10","2022","05","10","","16.4","","3.8","","10.1","","7.9","","0.0","","0.0","","0.0","","0.0","","","","21","","36",""
"-123.43","48.65","VICTORIA INTL A","1018621","2022-05-11","2022","05","11","","12.9","","5.6","","9.3","","8.7","","0.0","","1.0","","0.0","","1.0","","","","29","","34",""
"-123.43","48.65","VICTORIA INTL A","1018621","2022-05-12","2022","05","12","","10.6","","5.6","","8.1","","9.9","","0.0","","2.9","","0.0","","2.9","","","","15","","59",""
"-123.43","48.65","VICTORIA INTL A","1018621","2022-05-13","2022","05","13","","12.9","","0.8","","6.9","","11.1","","0.0","","0.0","T","0.0","","0.0","T","","","15","","39",""
"-123.43","48.65","VICTORIA INTL A","1018621","2022-05-14","2022","05","14","","14.0","","7.3","","10.7","","7.3","","0.0","","2.4","","0.0","","2.4","","","","6","","31",""
"-123.43","48.65","VICTORIA INTL A","1018621","2022-05-15","2022","05","15","","13.3","","8.9","","11.1","","6.9","","0.0","","14.9","","0.0","","14.9","","","","","M","","M"
"-123.43","48.65","VICTORIA INTL A","1018621","2022-05-16","2022","05","16","","15.9","","8.3","","12.1","","5.9","","0.0","","0.5","","0.0","","0.5","","","","25","","62",""
"-123.43","48.65","VICTORIA INTL A","1018621","2022-05-17","2022","05","17","","13.5","","4.6","","9.1","","8.9","","0.0","","0.0","T","0.0","","0.0","T","","","12","","40",""
"-123.43","48.65","VICTORIA INTL A","1018621","2022-05-18","2022","05","18","","13.4","","7.3","","10.4","","7.6","","0.0","","5.4","","0.0","","5.4","","","","24","","84",""
"-123.43","48.65","VICTORIA INTL A","1018621","2022-05-19","2022","05","19","","14.2","","5.2","","9.7","","8.3","","0.0","","0.0","","0.0","","0.0","","","","25","","34",""
"-123.43","48.65","VICTORIA INTL A","1018621","2022-05-20","2022","05","20","","16.6","","5.0","","10.8","","7.2","","0.0","","0.0","","0.0","","0.0","","","","","M","","M"
"-123.43","48.65","VICTORIA INTL A","1018621","2022-05-21","2022","05","21","","18.9","","6.6","","12.8","","5.2","","0.0","","0.0","","0.0","","0.0","","","","","M","","M"
"-123.43","48.65","VICTORIA INTL A","1018621","2022-05-22","2022","05","22","","17.0","","6.8","","11.9","","6.1","","0.0","","0.0","","0.0","","0.0","","","","","M","","M"
"-123.43","48.65","VICTORIA INTL A","1018621","2022-05-23","2022","05","23","","18.1","","10.0","","14.1","","3.9","","0.0","","0.0","","0.0","","0.0","","","","","M","","M"
"-123.43","48.65","VICTORIA INTL A","1018621","2022-05-24","2022","05","24","","12.9","","9.2","","11.1","","6.9","","0.0","","0.0","T","0.0","","0.0","T","","","","M","","M"
"-123.43","48.65","VICTORIA INTL A","1018621","2022-05-25","2022","05","25","","18.7","","9.4","","14.1","","3.9","","0.0","","0.7","","0.0","","0.7","","","","17","","41",""
"-123.43","48.65","VICTORIA INTL A","1018621","2022-05-26","2022","05","26","","14.9","","8.8","","11.9","","6.1","","0.0","","5.6","","0.0","","5.6","","","","","M","","M"
"-123.43","48.65","VICTORIA INTL A","1018621","2022-05-27","2022","05","27","","17.2","","9.0","","13.1","","4.9","","0.0","","3.8","","0.0","","3.8","","","","26","","52",""
"-123.43","48.65","VICTORIA INTL A","1018621","2022-05-28","2022","05","28","","16.3","","8.9","","12.6","","5.4","","0.0","","0.0","T","0.0","","0.0","T","","","","M","","M"
"-123.43","48.65","VICTORIA INTL A","1018621","2022-05-29","2022","05","29","","16.7","","7.7","","12.2","","5.8","","0.0","","0.0","","0.0","","0.0","","","","22","","39",""
"-123.43","48.65","VICTORIA INTL A","1018621","2022-05-30","2022","05","30","","14.9","","9.8","","12.4","","5.6","","0.0","","0.6","","0.0","","0.6","","","","","M","","M"
"-123.43","48.65","VICTORIA INTL A","1018621","2022-05-31","2022","05","31","","19.5","","8.6","","14.1","","3.9","","0.0","","0.0","","0.0","","0.0","","","","","M","","M"
"-123.43","48.65","VICTORIA INTL A","1018621","2022-06-01","2022","06","01","","20.9","","11.0","","16.0","","2.0","","0.0","","0.0","T","0.0","","0.0","T","","","","M","","M"
"-123.43","48.65","VICTORIA INTL A","1018621","2022-06-02","2022","06","02","","22.5","","12.1","","17.3","","0.7","","0.0","","0.0","T","0.0","","0.0","T","","","","M","","M"
"-123.43","48.65","VICTORIA INTL A","1018621","2022-06-03","2022","06","03","","17.8","","10.4","","14.1","","3.9","","0.0","","4.2","","0.0","","4.2","","","","13","","31",""
"-123.43","48.65","VICTORIA INTL A","1018621","2022-06-04","2022","06","04","","18.9","","9.8","","14.4","","3.6","","0.0","","6.6","","0.0","","6.6","","","","","M","","M"
"-123.43","48.65","VICTORIA INTL A","1018621","2022-06-05","2022","06","05","","20.4","","11.8","","16.1","","1.9","","0.0","","0.7","","0.0","","0.7","","","","25","","41",""
"-123.43","48.65","VICTORIA INTL A","1018621","2022-06-06","2022","06","06","","15.7","","6.7","","11.2","","6.8","","0.0","","0.0","","0.0","","0.0","","","","","M","","M"
"-123.43","48.65","VICTORIA INTL A","1018621","2022-06-07","2022","06","07","","20.4","","7.9","","14.2","","3.8","","0.0","","0.6","","0.0","","0.6","","","","18","","36",""
"-123.43","48.65","VICTORIA INTL A","1018621","2022-06-08","2022","06","08","","19.3","","10.5","","14.9","","3.1","","0.0","","0.4","","0.0","","0.4","","","","","M","","M"
"-123.43","48.65","VICTORIA INTL A","1018621","2022-06-09","2022","06","09","","13.5","","10.6","","12.1","","5.9","","0.0","","22.5","","0.0","","22.5","","","","","M","","M"
"-123.43","48.65","VICTORIA INTL A","1018621","2022-06-10","2022","06","10","","18.7","","10.8","","14.8","","3.2","","0.0","","0.5","","0.0","","0.5","","","","12","","33",""
"-123.43","48.65","VICTORIA INTL A","1018621","2022-06-11","2022","06","11","","19.6","","8.7","","14.2","","3.8","","0.0","","0.0","","0.0","","0.0","","","","13","","40",""
"-123.43","48.65","VICTORIA INTL A","1018621","2022-06-12","2022","06","12","","19.2","","10.0","","14.6","","3.4","","0.0","","2.0","","0.0","","2.0","","","","25","","34",""
"-123.43","48.65","VICTORIA INTL A","1018621","2022-06-13","2022","06","13","","17.2","","11.0","","14.1","","3.9","","0.0","","0.0","","0.0","","0.0","","","","24","","54",""
"-123.43","48.65","VICTORIA INTL A","1018621","2022-06-14","2022","06","14","","18.7","","9.3","","14.0","","4.0","","0.0","","0.0","","0.0","","0.0","","","","29","","33",""
"-123.43","48.65","VICTORIA INTL A","1018621","2022-06-15","2022","06","15","","16.0","","7.8","","11.9","","6.1","","0.0","","0.0","T","0.0","","0.0","T","","","","M","","M"
"-123.43","48.65","VICTORIA INTL A","1018621","2022-06-16","2022","06","16","","19.5","","10.7","","15.1","","2.9","","0.0","","2.7","","0.0","","2.7","","","","","M","","M"
"-123.43","48.65","VICTORIA INTL A","1018621","2022-06-17","2022","06","17","","18.2","","9.4","","13.8","","4.2","","0.0","","0.0","","0.0","","0.0","","","","15","","34",""
"-123.43","48.65","VICTORIA INTL A","1018621","2022-06-18","2022","06","18","","19.0","","11.3","","15.2","","2.8","","0.0","","0.0","T","0.0","","0.0","T","","","","M","","M"
"-123.43","48.65","VICTORIA INTL A","1018621","2022-06-19","2022","06","19","","18.0","","11.3","","14.7","","3.3","","0.0","","0.0","","0.0","","0.0","","","","","M","","M"
"-123.43","48.65","VICTORIA INTL A","1018621","2022-06-20","2022","06","20","","18.2","","10.7","","14.5","","3.5","","0.0","","0.0","","0.0","","0.0","","","","","M","","M"
"-123.43","48.65","VICTORIA INTL A","1018621","2022-06-21","2022","06","21","","18.9","","9.3","","14.1","","3.9","","0.0","","0.0","","0.0","","0.0","","","","9","","42",""
"-123.43","48.65","VICTORIA INTL A","1018621","2022-06-22","2022","06","22","","19.9","","12.2","","16.1","","1.9","","0.0","","0.0","","0.0","","0.0","","","","","M","","M"
"-123.43","48.65","VICTORIA INTL A","1018621","2022-06-23","2022","06","23","","20.1","","7.3","","13.7","","4.3","","0.0","","0.0","","0.0","","0.0","","","","","M","","M"
"-123.43","48.65","VICTORIA INTL A","1018621","2022-06-24","2022","06","24","","25.3","","8.0","","16.7","","1.3","","0.0","","0.0","","0.0","","0.0","","","","","M","","M"
"-123.43","48.65","VICTORIA INTL A","1018621","2022-06-25","2022","06","25","","29.2","","11.1","","20.2","","0.0","","2.2","","0.0","","0.0","","0.0","","","","","M","","M"
"-123.43","48.65","VICTORIA INTL A","1018621","2022-06-26","2022","06","26","","30.8","","13.0","","21.9","","0.0","","3.9","","0.0","","0.0","","0.0","","","","","M","","M"
"-123.43","48.65","VICTORIA INTL A","1018621","2022-06-27","2022","06","27","","29.5","","14.2","","21.9","","0.0","","3.9","","0.0","","0.0","","0.0","","","","","M","","M"
"-123.43","48.65","VICTORIA INTL A","1018621","2022-06-28","2022","06","28","","21.5","","12.9","","17.2","","0.8","","0.0","","0.0","","0.0","","0.0","","","","14","","40",""
"-123.43","48.65","VICTORIA INTL A","1018621","2022-06-29","2022","06","29","","17.6","","11.5","","14.6","","3.4","","0.0","","0.0","","0.0","","0.0","","","","14","","37",""
"-123.43","48.65","VICTORIA INTL A","1018621","2022-06-30","2022","06","30","","23.1","","11.2","","17.2","","0.8","","0.0","","0.0","","0.0","","0.0","","","","35","","32",""
"-123.43","48.65","VICTORIA INTL A","1018621","2022-07-01","2022","07","01","","25.0","","11.0","","18.0","","0.0","","0.0","","0.0","","0.0","","0.0","","","","","M","","M"
"-123.43","48.65","VICTORIA INTL A","1018621","2022-07-02","2022","07","02","","20.5","","12.4","","16.5","","1.5","","0.0","","0.0","","0.0","","0.0","","","","","M","","M"
"-123.43","48.65","VICTORIA INTL A","1018621","2022-07-03","2022","07","03","","15.5","","12.0","","13.8","","4.2","","0.0","","22.0","","0.0","","22.0","","","","","M","","M"
"-123.43","48.65","VICTORIA INTL A","1018621","2022-07-04","2022","07","04","","17.7","","12.0","","14.9","","3.1","","0.0","","1.2","","0.0","","1.2","","","","12","","36",""
"-123.43","48.65","VICTORIA INTL A","1018621","2022-07-05","2022","07","05","","23.9","","12.0","","18.0","","0.0","","0.0","","0.0","","0.0","","0.0","","","","","M","","M"
"-123.43","48.65","VICTORIA INTL A","1018621","2022-07-06","2022","07","06","","21.3","","13.3","","17.3","","0.7","","0.0","","0.6","","0.0","","0.6","","","","","M","","M"
"-123.43","48.65","VICTORIA INTL A","1018621","2022-07-07","2022","07","07","","20.6","","13.8","","17.2","","0.8","","0.0","","3.4","","0.0","","3.4","","","","13","","35",""
"-123.43","48.65","VICTORIA INTL A","1018621","2022-07-08","2022","07","08","","21.0","","13.8","","17.4","","0.6","","0.0","","0.0","","0.0","","0.0","","","","","M","","M"
"-123.43","48.65","VICTORIA INTL A","1018621","2022-07-09","2022","07","09","","24.8","","13.2","","19.0","","0.0","","1.0","","0.0","","0.0","","0.0","","","","17","","34",""
"-123.43","48.65","VICTORIA INTL A","1018621","2022-07-10","2022","07","10","","19.4","","14.1","","16.8","","1.2","","0.0","","0.0","","0.0","","0.0","","","","14","","38",""
"-123.43","48.65","VICTORIA INTL A","1018621","2022-07-11","2022","07","11","","26.2","","13.5","","19.9","","0.0","","1.9","","0.0","","0.0","","0.0","","","","","M","","M"
"-123.43","48.65","VICTORIA INTL A","1018621","2022-07-12","2022","07","12","","23.3","","12.4","","17.9","","0.1","","0.0","","0.0","","0.0","","0.0","","","","","M","","M"
"-123.43","48.65","VICTORIA INTL A","1018621","2022-07-13","2022","07","13","","21.1","","10.7","","15.9","","2.1","","0.0","","0.0","","0.0","","0.0","","","","","M","","M"
"-123.43","48.65","VICTORIA INTL A","1018621","2022-07-14","2022","07","14","","","M","","M","","M","","M","","M","0.0","","0.0","","0.0","","","","","M","","M"
"-123.43","48.65","VICTORIA INTL A","1018621","2022-07-15","2022","07","15","","18.4","","11.9","","15.2","","2.8","","0.0","","0.0","T","0.0","","0.0","T","","","14","","38",""
"-123.43","48.65","VICTORIA INTL A","1018621","2022-07-16","2022","07","16","","20.3","","13.1","","16.7","","1.3","","0.0","","0.0","","0.0","","0.0","","","","28","","31",""
"-123.43","48.65","VICTORIA INTL A","1018621","2022-07-17","2022","07","17","","19.4","","13.5","","16.5","","1.5","","0.0","","0.0","T","0.0","","0.0","T","","","","M","","M"
"-123.43","48.65","VICTORIA INTL A","1018621","2022-07-18","2022","07","18","","19.7","","11.9","","15.8","","2.2","","0.0","","0.0","T","0.0","","0.0","T","","","15","","34",""
"-123.43","48.65","VICTORIA INTL A","1018621","2022-07-19","2022","07","19","","23.5","","11.2","","17.4","","0.6","","0.0","","0.0","","0.0","","0.0","","","","","M","","M"
"-123.43","48.65","VICTORIA INTL A","1018621","2022-07-20","2022","07","20","","24.5","","11.9","","18.2","","0.0","","0.2","","0.0","","0.0","","0.0","","","","","M","","M"
"-123.43","48.65","VICTORIA INTL A","1018621","2022-07-21","2022","07","21","","22.0","","12.0","","17.0","","1.0","","0.0","","0.0","","0.0","","0.0","","","","","M","","M"
"-123.43","48.65","VICTORIA INTL A","1018621","2022-07-22","2022","07","22","","","M","","M","","M","","M","","M","0.0","","0.0","","0.0","","","","13","","42",""
"-123.43","48.65","VICTORIA INTL A","1018621","2022-07-23","2022","07","23","","21.0","","12.0","","16.5","","1.5","","0.0","","0.0","","0.0","","0.0","","","","14","","31",""
"-123.43","48.65","VICTORIA INTL A","1018621","2022-07-24","2022","07","24","","24.7","","11.2","","18.0","","0.0","","0.0","","0.0","","0.0","","0.0","","","","","M","","M"
"-123.43","48.65","VICTORIA INTL A","1018621","2022-07-25","2022","07","25","","27.6","","12.3","","20.0","","0.0","","2.0","","0.0","","0.0","","0.0","","","","","M","","M"
"-123.43","48.65","VICTORIA INTL A","1018621","2022-07-26","2022","07","26","","31.5","","16.5","","24.0","","0.0","","6.0","","0.0","","0.0","","0.0","","","","","M","","M"
"-123.43","48.65","VICTORIA INTL A","1018621","2022-07-27","2022","07","27","","25.6","","14.2","","19.9","","0.0","","1.9","","0.0","","0.0","","0.0","","","","","M","","M"
"-123.43","48.65","VICTORIA INTL A","1018621","2022-07-28","2022","07","28","","26.6","","13.8","","20.2","","0.0","","2.2","","0.0","","0.0","","0.0","","","","","M","","M"
"-123.43","48.65","VICTORIA INTL A","1018621","2022-07-29","2022","07","29","","28.2","","13.7","","21.0","","0.0","","3.0","","0.0","","0.0","","0.0","","","","","M","","M"
"-123.43","48.65","VICTORIA INTL A","1018621","2022-07-30","2022","07","30","","30.3","","13.3","","21.8","","0.0","","3.8","","0.0","","0.0","","0.0","","","","12","","37",""
"-123.43","48.65","VICTORIA INTL A","1018621","2022-07-31","2022","07","31","","28.5","","13.5","","21.0","","0.0","","3.0","","0.0","","0.0","","0.0","","","","","M","","M"
"-123.43","48.65","VICTORIA INTL A","1018621","2022-08-01","2022","08","01","","23.2","","12.4","","17.8","","0.2","","0.0","","0.0","","0.0","","0.0","","","","","M","","M"
"-123.43","48.65","VICTORIA INTL A","1018621","2022-08-02","2022","08","02","","20.7","","12.3","","16.5","","1.5","","0.0","","0.0","","0.0","","0.0","","","","13","","33",""
"-123.43","48.65","VICTORIA INTL A","1018621","2022-08-03","2022","08","03","","21.9","","10.7","","16.3","","1.7","","0.0","","0.8","","0.0","","0.8","","","","28","","33",""
"-123.43","48.65","VICTORIA INTL A","1018621","2022-08-04","2022","08","04","","21.8","","12.6","","17.2","","0.8","","0.0","","0.0","","0.0","","0.0","","","","24","","33",""
"-123.43","48.65","VICTORIA INTL A","1018621","2022-08-05","2022","08","05","","","M","","M","","M","","M","","M","","M","","M","","M","","","","M","","M"
"-123.43","48.65","VICTORIA INTL A","1018621","2022-08-06","2022","08","06","","27.8","","13.0","","20.4","","0.0","","2.4","","0.0","","0.0","","0.0","","","","","M","","M"
"-123.43","48.65","VICTORIA INTL A","1018621","2022-08-07","2022","08","07","","28.1","","12.6","","20.4","","0.0","","2.4","","0.0","","0.0","","0.0","","","","","M","","M"
"-123.43","48.65","VICTORIA INTL A","1018621","2022-08-08","2022","08","08","","27.5","","14.1","","20.8","","0.0","","2.8","","0.0","","0.0","","0.0","","","","","M","","M"
"-123.43","48.65","VICTORIA INTL A","1018621","2022-08-09","2022","08","09","","23.9","","13.6","","18.8","","0.0","","0.8","","0.0","","0.0","","0.0","","","","","M","","M"
"-123.43","48.65","VICTORIA INTL A","1018621","2022-08-10","2022","08","10","","20.4","","12.8","","16.6","","1.4","","0.0","","0.2","","0.0","","0.2","","","","13","","40",""
"-123.43","48.65","VICTORIA INTL A","1018621","2022-08-11","2022","08","11","","24.8","","13.5","","19.2","","0.0","","1.2","","0.0","","0.0","","0.0","","","","","M","","M"
"-123.43","48.65","VICTORIA INTL A","1018621","2022-08-12","2022","08","12","","23.9","","11.7","","17.8","","0.2","","0.0","","0.0","","0.0","","0.0","","","","27","","40",""
"-123.43","48.65","VICTORIA INTL A","1018621","2022-08-13","2022","08","13","","22.1","","13.8","","18.0","","0.0","","0.0","","0.0","","0.0","","0.0","","","","28","","32",""
"-123.43","48.65","VICTORIA INTL A","1018621","2022-08-14","2022","08","14","","22.7","","13.0","","17.9","","0.1","","0.0","","0.0","","0.0","","0.0","","","","","M","","M"
"-123.43","48.65","VICTORIA INTL A","1018621","2022-08-15","2022","08","15","","22.9","","11.9","","17.4","","0.6","","0.0","","0.0","","0.0","","0.0","","","","","M","","M"
"-123.43","48.65","VICTORIA INTL A","1018621","2022-08-16","2022","08","16","","25.9","","12.4","","19.2","","0.0","","1.2","","0.0","","0.0","","0.0","","","","","M","","M"
"-123.43","48.65","VICTORIA INTL A","1018621","2022-08-17","2022","08","17","","30.2","","13.6","","21.9","","0.0","","3.9","","0.0","","0.0","","0.0","","","","","M","","M"
"-123.43","48.65","VICTORIA INTL A","1018621","2022-08-18","2022","08","18","","29.7","","15.1","","22.4","","0.0","","4.4","","0.0","","0.0","","0.0","","","","","M","","M"
"-123.43","48.65","VICTORIA INTL A","1018621","2022-08-19","2022","08","19","","26.8","","14.7","","20.8","","0.0","","2.8","","0.0","","0.0","","0.0","","","","","M","","M"
"-123.43","48.65","VICTORIA INTL A","1018621","2022-08-20","2022","08","20","","21.0","","12.5","","16.8","","1.2","","0.0","","0.0","","0.0","","0.0","","","","14","","38",""
"-123.43","48.65","VICTORIA INTL A","1018621","2022-08-21","2022","08","21","","21.5","","12.5","","17.0","","1.0","","0.0","","0.0","","0.0","","0.0","","","","13","","33",""
"-123.43","48.65","VICTORIA INTL A","1018621","2022-08-22","2022","08","22","","24.8","","12.4","","18.6","","0.0","","0.6","","0.0","","0.0","","0.0","","","","","M","","M"
"-123.43","48.65","VICTORIA INTL A","1018621","2022-08-23","2022","08","23","","25.1","","12.9","","19.0","","0.0","","1.0","","0.0","","0.0","","0.0","","","","","M","","M"
"-123.43","48.65","VICTORIA INTL A","1018621","2022-08-24","2022","08","24","","26.8","","13.1","","20.0","","0.0","","2.0","","0.0","","0.0","","0.0","","","","","M","","M"
"-123.43","48.65","VICTORIA INTL A","1018621","2022-08-25","2022","08","25","","23.2","","13.2","","18.2","","0.0","","0.2","","0.0","","0.0","","0.0","","","","","M","","M"
"-123.43","48.65","VICTORIA INTL A","1018621","2022-08-26","2022","08","26","","19.1","","12.4","","15.8","","2.2","","0.0","","0.0","","0.0","","0.0","","","","13","","31",""
"-123.43","48.65","VICTORIA INTL A","1018621","2022-08-27","2022","08","27","","19.4","","12.5","","16.0","","2.0","","0.0","","0.0","","0.0","","0.0","","","","14","","40",""
"-123.43","48.65","VICTORIA INTL A","1018621","2022-08-28","2022","08","28","","20.9","","11.9","","16.4","","1.6","","0.0","","0.0","","0.0","","0.0","","","","14","","32",""
"-123.43","48.65","VICTORIA INTL A","1018621","2022-08-29","2022","08","29","","27.1","","10.2","","18.7","","0.0","","0.7","","0.0","","0.0","","0.0","","","","","M","","M"
"-123.43","48.65","VICTORIA INTL A","1018621","2022-08-30","2022","08","30","","29.2","","15.1","","22.2","","0.0","","4.2","","0.0","","0.0","","0.0","","","","","M","","M"
"-123.43","48.65","VICTORIA INTL A","1018621","2022-08-31","2022","08","31","","26.8","","14.6","","20.7","","0.0","","2.7","","0.0","","0.0","","0.0","","","","","M","","M"
"-123.43","48.65","VICTORIA INTL A","1018621","2022-09-01","2022","09","01","","19.4","","11.4","","15.4","","2.6","","0.0","","0.0","","0.0","","0.0","","","","12","","39",""
"-123.43","48.65","VICTORIA INTL A","1018621","2022-09-02","2022","09","02","","23.2","","10.2","","16.7","","1.3","","0.0","","0.0","","0.0","","0.0","","","","","M","","M"
"-123.43","48.65","VICTORIA INTL A","1018621","2022-09-03","2022","09","03","","20.6","","13.5","","17.1","","0.9","","0.0","","0.0","","0.0","","0.0","","","","14","","44",""
"-123.43","48.65","VICTORIA INTL A","1018621","2022-09-04","2022","09","04","","21.8","","12.6","","17.2","","0.8","","0.0","","0.8","","0.0","","0.8","","","","28","","33",""
"-123.43","48.65","VICTORIA INTL A","1018621","2022-09-05","2022","09","05","","21.9","","11.4","","16.7","","1.3","","0.0","","0.0","","0.0","","0.0","","","","29","","32",""
"-123.43","48.65","VICTORIA INTL A","1018621","2022-09-06","2022","09","06","","23.9","","9.4","","16.7","","1.3","","0.0","","0.0","","0.0","","0.0","","","","","M","","M"
"-123.43","48.65","VICTORIA INTL A","1018621","2022-09-07","2022","09","07","","22.6","","10.5","","16.6","","1.4","","0.0","","0.0","","0.0","","0.0","","","","","M","","M"
"-123.43","48.65","VICTORIA INTL A","1018621","2022-09-08","2022","09","08","","22.6","","7.7","","15.2","","2.8","","0.0","","0.0","","0.0","","0.0","","","","2","","31",""
"-123.43","48.65","VICTORIA INTL A","1018621","2022-09-09","2022","09","09","","27.7","","9.6","","18.7","","0.0","","0.7","","0.0","","0.0","","0.0","","","","","M","","M"
"-123.43","48.65","VICTORIA INTL A","1018621","2022-09-10","2022","09","10","","26.3","","10.1","","18.2","","0.0","","0.2","","0.0","","0.0","","0.0","","","","","M","","M"
"-123.43","48.65","VICTORIA INTL A","1018621","2022-09-11","2022","09","11","","21.8","","12.3","","17.1","","0.9","","0.0","","0.0","T","0.0","","0.0","T","","","10","","31",""
"-123.43","48.65","VICTORIA INTL A","1018621","2022-09-12","2022","09","12","","20.9","","12.3","","16.6","","1.4","","0.0","","0.0","","0.0","","0.0","","","","14","","33",""
"-123.43","48.65","VICTORIA INTL A","1018621","2022-09-13","2022","09","13","","21.6","","11.3","","16.5","","1.5","","0.0","","0.0","","0.0","","0.0","","","","","M","","M"
"-123.43","48.65","VICTORIA INTL A","1018621","2022-09-14","2022","09","14","","19.8","","11.2","","15.5","","2.5","","0.0","","0.0","","0.0","","0.0","","","","","M","","M"
"-123.43","48.65","VICTORIA INTL A","1018621","2022-09-15","2022","09","15","","19.1","","12.7","","15.9","","2.1","","0.0","","0.0","T","0.0","","0.0","T","","","","M","","M"
"-123.43","48.65","VICTORIA INTL A","1018621","2022-09-16","2022","09","16","","19.8","","8.9","","14.4","","3.6","","0.0","","0.0","","0.0","","0.0","","","","5","","32",""
"-123.43","48.65","VICTORIA INTL A","1018621","2022-09-17","2022","09","17","","18.6","","9.7","","14.2","","3.8","","0.0","","0.0","","0.0","","0.0","","","","","M","","M"
"-123.43","48.65","VICTORIA INTL A","1018621","2022-09-18","2022","09","18","","23.6","","10.1","","16.9","","1.1","","0.0","","0.0","","0.0","","0.0","","","","29","","39",""
"-123.43","48.65","VICTORIA INTL A","1018621","2022-09-19","2022","09","19","","23.8","","6.7","","15.3","","2.7","","0.0","","0.0","","0.0","","0.0","","","","","M","","M"
"-123.43","48.65","VICTORIA INTL A","1018621","2022-09-20","2022","09","20","","26.2","","8.5","","17.4","","0.6","","0.0","","0.0","","0.0","","0.0","","","","","M","","M"
"-123.43","48.65","VICTORIA INTL A","1018621","2022-09-21","2022","09","21","","25.2","","8.4","","16.8","","1.2","","0.0","","0.0","","0.0","","0.0","","","","","M","","M"
"-123.43","48.65","VICTORIA INTL A","1018621","2022-09-22","2022","09","22","","19.6","","7.6","","13.6","","4.4","","0.0","","0.0","","0.0","","0.0","","","","15","","42",""
"-123.43","48.65","VICTORIA INTL A","1018621","2022-09-23","2022","09","23","","17.7","","12.0","","14.9","","3.1","","0.0","","0.0","T","0.0","","0.0","T","","","","M","","M"
"-123.43","48.65","VICTORIA INTL A","1018621","2022-09-24","2022","09","24","","21.2","","11.8","","16.5","","1.5","","0.0","","0.0","","0.0","","0.0","","","","","M","","M"
"-123.43","48.65","VICTORIA INTL A","1018621","2022-09-25","2022","09","25","","22.9","","10.3","","16.6","","1.4","","0.0","","0.0","","0.0","","0.0","","","","","M","","M"
"-123.43","48.65","VICTORIA INTL A","1018621","2022-09-26","2022","09","26","","24.9","","10.7","","17.8","","0.2","","0.0","","0.0","","0.0","","0.0","","","","","M","","M"
"-123.43","48.65","VICTORIA INTL A","1018621","2022-09-27","2022","09","27","","21.3","","8.5","","14.9","","3.1","","0.0","","0.0","","0.0","","0.0","","","","","M","","M"
"-123.43","48.65","VICTORIA INTL A","1018621","2022-09-28","2022","09","28","","18.0","","11.4","","14.7","","3.3","","0.0","","0.2","","0.0","","0.2","","","","","M","","M"
"-123.43","48.65","VICTORIA INTL A","1018621","2022-09-29","2022","09","29","","19.9","","10.2","","15.1","","2.9","","0.0","","0.0","","0.0","","0.0","","","","","M","","M"
"-123.43","48.65","VICTORIA INTL A","1018621","2022-09-30","2022","09","30","","20.4","","8.7","","14.6","","3.4","","0.0","","0.0","","0.0","","0.0","","","","","M","","M"
"-123.43","48.65","VICTORIA INTL A","1018621","2022-10-01","2022","10","01","","23.5","","9.1","","16.3","","1.7","","0.0","","0.0","","0.0","","0.0","","","","","M","","M"
"-123.43","48.65","VICTORIA INTL A","1018621","2022-10-02","2022","10","02","","23.5","","9.7","","16.6","","1.4","","0.0","","0.0","","0.0","","0.0","","","","","M","","M"
"-123.43","48.65","VICTORIA INTL A","1018621","2022-10-03","2022","10","03","","22.8","","9.0","","15.9","","2.1","","0.0","","0.0","","0.0","","0.0","","","","","M","","M"
"-123.43","48.65","VICTORIA INTL A","1018621","2022-10-04","2022","10","04","","15.0","","7.8","","11.4","","6.6","","0.0","","0.0","","0.0","","0.0","","","","13","","35",""
"-123.43","48.65","VICTORIA INTL A","1018621","2022-10-05","2022","10","05","","18.9","","7.8","","13.4","","4.6","","0.0","","0.0","","0.0","","0.0","","","","","M","","M"
"-123.43","48.65","VICTORIA INTL A","1018621","2022-10-06","2022","10","06","","22.5","","8.6","","15.6","","2.4","","0.0","","0.0","","0.0","","0.0","","","","","M","","M"
"-123.43","48.65","VICTORIA INTL A","1018621","2022-10-07","2022","10","07","","23.5","","9.9","","16.7","","1.3","","0.0","","0.0","","0.0","","0.0","","","","","M","","M"
"-123.43","48.65","VICTORIA INTL A","1018621","2022-10-08","2022","10","08","","22.3","","8.7","","15.5","","2.5","","0.0","","0.0","","0.0","","0.0","","","","","M","","M"
"-123.43","48.65","VICTORIA INTL A","1018621","2022-10-09","2022","10","09","","21.7","","8.2","","15.0","","3.0","","0.0","","0.0","","0.0","","0.0","","","","","M","","M"
"-123.43","48.65","VICTORIA INTL A","1018621","2022-10-10","2022","10","10","","19.2","","7.8","","13.5","","4.5","","0.0","","0.0","","0.0","","0.0","","","","","M","","M"
"-123.43","48.65","VICTORIA INTL A","1018621","2022-10-11","2022","10","11","","16.6","","4.9","","10.8","","7.2","","0.0","","0.0","","0.0","","0.0","","","","","M","","M"
"-123.43","48.65","VICTORIA INTL A","1018621","2022-10-12","2022","10","12","","19.6","","6.0","","12.8","","5.2","","0.0","","0.0","","0.0","","0.0","","","","","M","","M"
"-123.43","48.65","VICTORIA INTL A","1018621","2022-10-13","2022","10","13","","21.6","","6.5","","14.1","","3.9","","0.0","","0.0","","0.0","","0.0","","","","","M","","M"
"-123.43","48.65","VICTORIA INTL A","1018621","2022-10-14","2022","10","14","","22.0","","6.5","","14.3","","3.7","","0.0","","0.0","","0.0","","0.0","","","","","M","","M"
"-123.43","48.65","VICTORIA INTL A","1018621","2022-10-15","2022","10","15","","25.3","","8.1","","16.7","","1.3","","0.0","","0.0","","0.0","","0.0","","","","","M","","M"
"-123.43","48.65","VICTORIA INTL A","1018621","2022-10-16","2022","10","16","","24.6","","8.9","","16.8","","1.2","","0.0","","0.0","","0.0","","0.0","","","","","M","","M"
"-123.43","48.65","VICTORIA INTL A","1018621","2022-10-17","2022","10","17","","16.3","","6.5","","11.4","","6.6","","0.0","","0.0","","0.0","","0.0","","","","","M","","M"
"-123.43","48.65","VICTORIA INTL A","1018621","2022-10-18","2022","10","18","","18.5","","6.4","","12.5","","5.5","","0.0","","0.0","","0.0","","0.0","","","","","M","","M"
"-123.43","48.65","VICTORIA INTL A","1018621","2022-10-19","2022","10","19","","18.8","","7.8","","13.3","","4.7","","0.0","","0.0","","0.0","","0.0","","","","","M","","M"
"-123.43","48.65","VICTORIA INTL A","1018621","2022-10-20","2022","10","20","","14.5","","7.4","","11.0","","7.0","","0.0","","0.0","T","0.0","","0.0","T","","","","M","","M"
"-123.43","48.65","VICTORIA INTL A","1018621","2022-10-21","2022","10","21","","10.2","","5.8","","8.0","","10.0","","0.0","","2.0","","0.0","","2.0","","","","","M","","M"
"-123.43","48.65","VICTORIA INTL A","1018621","2022-10-22","2022","10","22","","14.6","","3.3","","9.0","","9.0","","0.0","","0.0","","0.0","","0.0","","","","","M","","M"
"-123.43","48.65","VICTORIA INTL A","1018621","2022-10-23","2022","10","23","","11.5","","3.0","","7.3","","10.7","","0.0","","3.1","","0.0","","3.1","","","","","M","","M"
"-123.43","48.65","VICTORIA INTL A","1018621","2022-10-24","2022","10","24","","15.0","","5.2","","10.1","","7.9","","0.0","","4.4","","0.0","","4.4","","","","29","","47",""
"-123.43","48.65","VICTORIA INTL A","1018621","2022-10-25","2022","10","25","","10.2","","4.7","","7.5","","10.5","","0.0","","4.4","","0.0","","4.4","","","","13","","42",""
"-123.43","48.65","VICTORIA INTL A","1018621","2022-10-26","2022","10","26","","9.9","","1.7","","5.8","","12.2","","0.0","","0.0","T","0.0","","0.0","T","","","","M","","M"
"-123.43","48.65","VICTORIA INTL A","1018621","2022-10-27","2022","10","27","","16.2","","8.4","","12.3","","5.7","","0.0","","16.9","","0.0","","16.9","","","","15","","52",""
"-123.43","48.65","VICTORIA INTL A","1018621","2022-10-28","2022","10","28","","13.9","","5.7","","9.8","","8.2","","0.0","","3.3","","0.0","","3.3","","","","15","","35",""
"-123.43","48.65","VICTORIA INTL A","1018621","2022-10-29","2022","10","29","","12.7","","8.5","","10.6","","7.4","","0.0","","0.0","","0.0","","0.0","","","","21","","48",""
"-123.43","48.65","VICTORIA INTL A","1018621","2022-10-30","2022","10","30","","12.7","","9.3","","11.0","","7.0","","0.0","","22.1","","0.0","","22.1","","","","22","","48",""
"-123.43","48.65","VICTORIA INTL A","1018621","2022-10-31","2022","10","31","","12.3","","6.5","","9.4","","8.6","","0.0","","6.2","","0.0","","6.2","","","","25","","39",""
"-123.43","48.65","VICTORIA INTL A","1018621","2022-11-01","2022","11","01","","9.8","","0.8","","5.3","","12.7","","0.0","","0.0","","0.0","","0.0","","","","","M","","M"
"-123.43","48.65","VICTORIA INTL A","1018621","2022-11-02","2022","11","02","","","M","","M","","M","","M","","M","3.2","","0.0","","3.2","","","","1","","32",""
"-123.43","48.65","VICTORIA INTL A","1018621","2022-11-03","2022","11","03","","6.7","","1.0","","3.9","","14.1","","0.0","","23.8","","0.0","","23.8","","","","15","","49",""
"-123.43","48.65","VICTORIA INTL A","1018621","2022-11-04","2022","11","04","","14.7","","5.3","","10.0","","8.0","","0.0","","9.0","","0.0","","9.0","","","","25","","71",""
"-123.43","48.65","VICTORIA INTL A","1018621","2022-11-05","2022","11","05","","11.2","","2.3","","6.8","","11.2","","0.0","","0.0","","0.0","","0.0","","","","24","","42",""
"-123.43","48.65","VICTORIA INTL A","1018621","2022-11-06","2022","11","06","","8.0","","3.3","","5.7","","12.3","","0.0","","6.2","","0.0","","6.2","","","","13","","62",""
"-123.43","48.65","VICTORIA INTL A","1018621","2022-11-07","2022","11","07","","4.4","","-0.1","","2.2","","15.8","","0.0","","2.3","","2.0","","4.0","","2","E","1","","44",""
"-123.43","48.65","VICTORIA INTL A","1018621","2022-11-08","2022","11","08","","5.5","","-0.4","","2.6","","15.4","","0.0","","0.0","","0.0","T","0.0","T","1","","2","","39",""
"-123.43","48.65","VICTORIA INTL A","1018621","2022-11-09","2022","11","09","","6.4","","-1.4","","2.5","","15.5","","0.0","","0.0","","0.0","","0.0","","","","","M","","M"
"-123.43","48.65","VICTORIA INTL A","1018621","2022-11-10","2022","11","10","","6.6","","-0.6","","3.0","","15.0","","0.0","","0.0","","0.0","","0.0","","","","","M","","M"
"-123.43","48.65","VICTORIA INTL A","1018621","2022-11-11","2022","11","11","","7.2","","2.5","","4.9","","13.1","","0.0","","0.0","T","0.0","","0.0","T","","","","M","","M"
"-123.43","48.65","VICTORIA INTL A","1018621","2022-11-12","2022","11","12","","8.2","","1.3","","4.8","","13.2","","0.0","","0.0","","0.0","","0.0","","","","","M","","M"
"-123.43","48.65","VICTORIA INTL A","1018621","2022-11-13","2022","11","13","","8.5","","1.6","","5.1","","12.9","","0.0","","0.0","","0.0","","0.0","","","","","M","","M"
"-123.43","48.65","VICTORIA INTL A","1018621","2022-11-14","2022","11","14","","9.0","","0.0","","4.5","","13.5","","0.0","","0.0","","0.0","","0.0","","","","","M","","M"
"-123.43","48.65","VICTORIA INTL A","1018621","2022-11-15","2022","11","15","","7.0","","-1.4","","2.8","","15.2","","0.0","","0.0","","0.0","","0.0","","","","","M","","M"
"-123.43","48.65","VICTORIA INTL A","1018621","2022-11-16","2022","11","16","","5.4","","1.2","","3.3","","14.7","","0.0","","0.0","","0.0","","0.0","","","","","M","","M"
"-123.43","48.65","VICTORIA INTL A","1018621","2022-11-17","2022","11","17","","10.2","","1.1","","5.7","","12.3","","0.0","","0.0","","0.0","","0.0","","","","6","","53",""
"-123.43","48.65","VICTORIA INTL A","1018621","2022-11-18","2022","11","18","","7.9","","-2.3","","2.8","","15.2","","0.0","","0.0","","0.0","","0.0","","","","7","","40",""
"-123.43","48.65","VICTORIA INTL A","1018621","2022-11-19","2022","11","19","","7.8","","-2.8","","2.5","","15.5","","0.0","","0.0","","0.0","","0.0","","","","","M","","M"
"-123.43","48.65","VICTORIA INTL A","1018621","2022-11-20","2022","11","20","","7.3","","-2.1","","2.6","","15.4","","0.0","","1.0","","0.0","","1.0","","","","","M","","M"
"-123.43","48.65","VICTORIA INTL A","1018621","2022-11-21","2022","11","21","","8.7","","4.2","","6.5","","11.5","","0.0","","0.8","","0.0","","0.8","","","","","M","","M"
"-123.43","48.65","VICTORIA INTL A","1018621","2022-11-22","2022","11","22","","","M","","M","","M","","M","","M","15.2","","0.0","","15.2","","","","","M","","M"
"-123.43","48.65","VICTORIA INTL A","1018621","2022-11-23","2022","11","23","","9.7","","0.8","","5.3","","12.7","","0.0","","0.0","","0.0","","0.0","","","","14","","31",""
"-123.43","48.65","VICTORIA INTL A","1018621","2022-11-24","2022","11","24","","10.9","","0.8","","5.9","","12.1","","0.0","","0.0","","0.0","","0.0","","","","","M","","M"
"-123.43","48.65","VICTORIA INTL A","1018621","2022-11-25","2022","11","25","","9.2","","1.3","","5.3","","12.7","","0.0","","4.6","","0.0","","4.6","","","","31","","31",""
"-123.43","48.65","VICTORIA INTL A","1018621","2022-11-26","2022","11","26","","10.0","","-0.9","","4.6","","13.4","","0.0","","1.6","","0.0","","1.6","","","","23","","49",""
"-123.43","48.65","VICTORIA INTL A","1018621","2022-11-27","2022","11","27","","9.9","","-1.2","","4.4","","13.6","","0.0","","0.5","","0.0","","0.5","","","","21","","58",""
"-123.43","48.65","VICTORIA INTL A","1018621","2022-11-28","2022","11","28","","3.8","","-0.2","","1.8","","16.2","","0.0","","0.4","","0.0","T","0.4","","","","34","","41",""
"-123.43","48.65","VICTORIA INTL A","1018621","2022-11-29","2022","11","29","","","M","","M","","M","","M","","M","5.3","","4.7","","10.0","","1","E","14","","75",""
"-123.43","48.65","VICTORIA INTL A","1018621","2022-11-30","2022","11","30","","","M","","M","","M","","M","","M","4.3","","0.0","","4.3","","","","17","","61",""
"-123.43","48.65","VICTORIA INTL A","1018621","2022-12-01","2022","12","01","","1.3","","-3.6","","-1.2","","19.2","","0.0","","0.0","","0.0","T","0.0","T","0","T","36","","40",""
"-123.43","48.65","VICTORIA INTL A","1018621","2022-12-02","2022","12","02","","2.8","","-1.6","","0.6","","17.4","","0.0","","2.1","","0.0","T","2.1","","0","T","7","","41",""
"-123.43","48.65","VICTORIA INTL A","1018621","2022-12-03","2022","12","03","","5.0","","1.0","","3.0","","15.0","","0.0","","5.6","","0.0","","5.6","","","","5","","37",""
"-123.43","48.65","VICTORIA INTL A","1018621","2022-12-04","2022","12","04","","4.2","","-2.5","","0.9","","17.1","","0.0","","0.0","","0.0","","0.0","","","","","M","","M"
"-123.43","48.65","VICTORIA INTL A","1018621","2022-12-05","2022","12","05","","2.5","","-1.4","","0.6","","17.4","","0.0","","0.0","T","0.0","","0.0","T","","","","M","","M"
"-123.43","48.65","VICTORIA INTL A","1018621","2022-12-06","2022","12","06","","3.8","","1.5","","2.7","","15.3","","0.0","","4.2","","0.0","","4.2","","","","","M","","M"
"-123.43","48.65","VICTORIA INTL A","1018621","2022-12-07","2022","12","07","","6.9","","3.1","","5.0","","13.0","","0.0","","0.2","","0.0","","0.2","","","","12","","40",""
"-123.43","48.65","VICTORIA INTL A","1018621","2022-12-08","2022","12","08","","7.0","","1.5","","4.3","","13.7","","0.0","","4.2","","0.0","","4.2","","","","14","","64",""
"-123.43","48.65","VICTORIA INTL A","1018621","2022-12-09","2022","12","09","","6.3","","1.1","","3.7","","14.3","","0.0","","1.4","","0.0","T","1.4","","","","13","","62",""
"-123.43","48.65","VICTORIA INTL A","1018621","2022-12-10","2022","12","10","","8.6","","5.4","","7.0","","11.0","","0.0","","2.1","","0.0","","2.1","","","","12","","66",""
"-123.43","48.65","VICTORIA INTL A","1018621","2022-12-11","2022","12","11","","7.3","","2.9","","5.1","","12.9","","0.0","","0.0","","0.0","","0.0","","","","","M","","M"
"-123.43","48.65","VICTORIA INTL A","1018621","2022-12-12","2022","12","12","","7.0","","0.1","","3.6","","14.4","","0.0","","0.0","T","0.0","","0.0","T","","","","M","","M"
"-123.43","48.65","VICTORIA INTL A","1018621","2022-12-13","2022","12","13","","5.3","","0.4","","2.9","","15.1","","0.0","","0.0","","0.0","","0.0","","","","","M","","M"
"-123.43","48.65","VICTORIA INTL A","1018621","2022-12-14","2022","12","14","","6.9","","1.3","","4.1","","13.9","","0.0","","0.0","T","0.0","","0.0","T","","","","M","","M"
"-123.43","48.65","VICTORIA INTL A","1018621","2022-12-15","2022","12","15","","5.7","","-1.1","","2.3","","15.7","","0.0","","0.0","","0.0","","0.0","","","","","M","","M"
"-123.43","48.65","VICTORIA INTL A","1018621","2022-12-16","2022","12","16","","3.7","","-1.6","","1.1","","16.9","","0.0","","0.0","","0.0","","0.0","","","","","M","","M"
"-123.43","48.65","VICTORIA INTL A","1018621","2022-12-17","2022","12","17","","3.1","","-0.9","","1.1","","16.9","","0.0","","0.5","","0.0","","0.5","","","","","M","","M"
"-123.43","48.65","VICTORIA INTL A","1018621","2022-12-18","2022","12","18","","3.1","","-4.7","","-0.8","","18.8","","0.0","","0.2","","0.0","T","0.2","","0","T","6","","38",""
"-123.43","48.65","VICTORIA INTL A","1018621","2022-12-19","2022","12","19","","-4.7","","-6.1","","-5.4","","23.4","","0.0","","0.0","","8.0","","8.0","","1","E","6","","34",""
"-123.43","48.65","VICTORIA INTL A","1018621","2022-12-20","2022","12","20","","-1.6","","-5.6","","-3.6","","21.6","","0.0","","0.0","","29.3","","29.3","","22","","","M","","M"
"-123.43","48.65","VICTORIA INTL A","1018621","2022-12-21","2022","12","21","","-3.3","","-8.0","","-5.7","","23.7","","0.0","","0.0","","0.0","T","0.0","T","31","","6","","63",""
"-123.43","48.65","VICTORIA INTL A","1018621","2022-12-22","2022","12","22","","-3.6","","-8.4","","-6.0","","24.0","","0.0","","0.0","","0.0","","0.0","","22","","6","","64",""
"-123.43","48.65","VICTORIA INTL A","1018621","2022-12-23","2022","12","23","","1.7","","-4.3","","-1.3","","19.3","","0.0","","1.6","","9.8","","11.4","","24","","5","","42",""
"-123.43","48.65","VICTORIA INTL A","1018621","2022-12-24","2022","12","24","","","","","","","","","","","","","","","","","","","","","","",""
"-123.43","48.65","VICTORIA INTL A","1018621","2022-12-25","2022","12","25","","","","","","","","","","","","","","","","","","","","","","",""
"-123.43","48.65","VICTORIA INTL A","1018621","2022-12-26","2022","12","26","","","","","","","","","","","","","","","","","","","","","","",""
"-123.43","48.65","VICTORIA INTL A","1018621","2022-12-27","2022","12","27","","","","","","","","","","","","","","","","","","","","","","",""
"-123.43","48.65","VICTORIA INTL A","1018621","2022-12-28","2022","12","28","","","","","","","","","","","","","","","","","","","","","","",""
"-123.43","48.65","VICTORIA INTL A","1018621","2022-12-29","2022","12","29","","","","","","","","","","","","","","","","","","","","","","",""
"-123.43","48.65","VICTORIA INTL A","1018621","2022-12-30","2022","12","30","","","","","","","","","","","","","","","","","","","","","","",""
"-123.43","48.65","VICTORIA INTL A","1018621","2022-12-31","2022","12","31","","","","","","","","","","","","","","","","","","","","","","",""
